english,Word,label
11,palkon,hi
13,aasoon,hi
15,kishore,hi
17,vocal,en
20,stephen,en
36,weed,en
46,yepieee,en
50,vaidehisachin,hi
53,samjhane,hi
58,padhte,hi
60,modiji,hi
62,gazal,hi
69,place,en
70,pomendi,en
71,along,en
73,kalpesh,hi
74,salvi,hi
82,msgloveshumanity,en
86,hope,en
99,emraanhashmi,hi
103,padta,hi
108,manohar,hi
109,apologize,en
115,rameshchahal,hi
125,khor,hi
130,mehnat,hi
141,sandy,en
146,gayee,hi
152,bavalapanti,hi
153,karta,hi
162,dikhayi,hi
166,aymond,en
171,mailtosamip,en
180,hearing,en
181,angel,en
182,scamqueenonroad,en
203,kumarpresident,en
204,helpline,en
205,srkscombatant,en
206,srksaroz,en
207,srkswarrior,en
210,chaligeyi,hi
215,totaly,en
216,chutiyapa,en
217,suru,en
220,yadi,hi
227,jita,hi
228,degi,hi
231,nutanki,hi
234,meetvibe,en
242,dimaag,hi
246,kailashkher,hi
249,kashir,hi
250,herath,en
256,shashwat,hi
258,sthir,en
260,shantsalone,hi
262,utpatti,en
267,permanent,en
272,chahne,hi
277,purely,en
278,contractual,en
279,audi,hi
286,flood,en
289,lovers,en
295,growth,en
298,talentd,hi
299,banda,hi
300,jiske,hi
308,pahunch,hi
323,dainikbhaskar,hi
325,acchi,hi
326,zidd,hi
330,mukulkmishra,en
331,tumhi,hi
335,campus,en
338,hata,hi
345,dhapli,hi
347,bjate,hi
358,gharwapsi,hi
360,bdnewsorg,en
361,eight,en
362,militants,en
364,surrender,en
368,newsxeight,en
369,milit,en
371,glossary,en
373,budgetary,en
374,terms,en
379,mahashivrathiri,en
388,pavan,hi
391,param,hi
392,sant,en
394,asaram,en
398,charano,hi
402,koti,hi
405,expectations,en
406,dikaho,hi
411,recently,en
412,allowed,en
417,automatic,en
420,medical,en
421,devices,en
422,pharmaceuticals,en
426,celebtrains,en
428,padhaai,hi
432,paati,hi
440,taurus,hi
441,sarahzaki,hi
442,bachon,hi
445,somwar,en
449,pati,hi
453,suwami,hi
456,hen,hi
457,muft,en
459,advice,en
464,shortly,en
467,presenting,en
470,behenchod,en
472,celeb,en
473,shikar,hi
481,imtiyazazhar,hi
485,misled,en
488,propaganda,en
492,antiindia,en
493,forces,en
496,outside,en
502,directly,en
512,hasina,hi
513,biopic,en
521,riyasobti,hi
524,vii,hi
527,haii,hi
529,mosessapir,en
533,yash,hi
541,nickhunterr,en
546,faster,en
551,kaisa,hi
558,shivaala,hi
560,lalitvijay,en
561,aayenge,hi
564,neeerajbadhwar,hi
565,marines,en
566,mercilessly,en
569,fishermen,en
574,patriotic,en
577,feelng,en
579,hawai,hi
580,aftr,en
582,packs,en
593,lov,en
615,tmrw,en
616,yesiamsaffron,en
617,aditispeaks,en
618,rssorg,en
620,swim,en
621,giabby,en
623,rasa,hi
624,sentosa,en
625,resort,en
631,aankhen,hi
633,probably,en
635,directed,en
637,aneez,en
638,bazmi,hi
639,rogers,en
640,potentialpathin,en
641,madrid,en
643,bye,en
645,thiem,en
646,murray,en
648,allezroger,en
651,outcry,en
659,sayingkya,hi
666,baith,hi
677,kay,hi
679,banay,hi
681,es,hi
682,mulak,hi
686,takdeer,hi
687,likh,hi
697,ivarkum,en
698,therichirukku,en
701,shyamkkumar,hi
702,twistedbollywooddialogues,en
705,lag,hi
722,schedule,en
731,panoramma,en
732,mode,en
735,larkiya,hi
736,block,en
738,marte,hi
753,grp,en
755,bada,hi
764,owner,en
766,almas,en
768,sibling,en
786,declare,en
791,scoopwhoop,en
795,maika,hi
799,ihsavru,en
800,pruthapartha,hi
802,fever,en
812,pagalo,hi
814,nakli,hi
816,aajtak,hi
818,ank,hi
819,gin,hi
834,asot,en
839,thevoiceofgaia,en
840,taken,en
847,stupid,en
849,considering,en
851,aging,en
852,population,en
854,lack,en
857,manual,en
858,labor,en
859,force,en
864,mainezindagi,hi
870,gam,hi
878,aajao,hi
879,rekhta,hi
880,isro,en
884,replacing,en
885,pslv,en
892,relaunched,en
896,rahulrally,en
897,rahulreturns,en
898,pappufarce,en
912,asnushka,hi
914,pk,hi
916,guy,en
919,krti,hi
923,badla,hi
928,parvatis,en
930,wid,en
932,hpy,en
933,lifeoktv,en
935,shuvankr,en
936,karorpati,hi
938,kharid,hi
939,sakenge,hi
940,guess,en
942,sena,en
947,cst,en
951,chhratrapati,en
952,station,en
955,periscope,en
957,chandigarh,hi
959,expose,en
960,onleave,en
964,tumhaara,hi
967,maybe,en
968,jis,hi
969,jamhooriyat,hi
972,bachaane,hi
973,nikli,hi
975,janaabeaali,hi
980,sarkaar,hi
984,dhajjiyaan,hi
985,uda,hi
988,notusinghashtag,hi
989,dervishious,en
994,rahee,hi
996,walay,hi
999,strong,en
1001,zardare,hi
1003,mufahimat,hi
1004,kara,hi
1007,bhe,hi
1008,lagam,hi
1010,rahulreply,en
1012,few,en
1016,derasachasaudas,hi
1031,tumpe,hi
1033,agya,hi
1046,konya,hi
1047,milk,hi
1053,hhhuuuurrraayyyyy,en
1060,safe,en
1063,kiranbedi,hi
1064,abkibaarbedisarkaar,hi
1066,murderous,en
1067,assault,en
1070,driver,en
1073,attackers,en
1075,carrying,en
1076,pistol,en
1077,kartar,hi
1080,bevkuf,en
1084,banne,hi
1089,iska,hi
1098,hardhik,hi
1099,shubhkamnayy,hi
1103,galey,hi
1105,chain,en
1108,kadaa,hi
1109,sar,hi
1112,topi,hi
1113,ghutno,hi
1117,chaddi,hi
1118,abbey,hi
1119,gareebon,hi
1121,cent,en
1122,gym,en
1128,gaane,hi
1129,bc,hi
1131,infant,en
1132,mortality,en
1139,births,en
1141,gujju,en
1142,babies,en
1143,die,en
1146,mallu,en
1151,jasumatipatel,en
1157,jasumati,en
1159,shruti,hi
1164,anbe,en
1165,sivam,en
1167,voice,en
1168,happybirthdayshrutihassan,hi
1172,vishwanath,en
1180,pms,en
1182,demands,en
1186,senior,en
1187,bharatiya,hi
1188,janata,hi
1193,mehak,hi
1197,fiza,hi
1205,kyanat,hi
1212,theirfanism,en
1213,cricketwallah,en
1215,khawaja,hi
1216,likhe,hi
1217,wanna,hi
1218,uzkhawaja,hi
1219,bura,hi
1223,kalakaaar,hi
1226,mimicking,en
1227,buffalo,en
1241,hathon,hi
1243,dafnaa,hi
1249,qabar,hi
1253,redefined,en
1255,arachakammm,hi
1256,starsportsindia,en
1257,matchpoint,en
1259,opener,en
1260,ajinkiya,hi
1262,consistent,en
1263,effective,en
1264,trustworthy,en
1265,classy,en
1270,kom,hi
1273,samjhao,hi
1275,atankwadi,hi
1276,banna,hi
1277,choad,hi
1284,diwali,hi
1293,uk,en
1301,anthem,en
1302,slvsind,en
1309,swaach,hi
1314,implemented,en
1317,cleanliness,en
1325,shubhkaamnaye,hi
1330,trade,en
1332,valid,en
1335,rise,en
1338,dip,hi
1340,adding,en
1344,worth,en
1345,celebrating,en
1350,sadiq,hi
1355,mayor,en
1360,londoners,en
1363,irrelevan,en
1365,muji,hi
1368,sajde,hi
1369,amrah,hi
1371,gar,hi
1373,nihange,hi
1374,ajdaho,hi
1375,sere,hi
1376,nar,hi
1381,divinesoulamit,en
1386,jii,hi
1388,sudhirchaudhary,hi
1394,centrestage,en
1395,once,en
1396,agn,en
1398,original,en
1402,brought,en
1403,patriotism,en
1407,laptop,en
1408,buy,en
1414,specification,en
1416,bettery,en
1417,backup,en
1418,acha,hi
1420,plzz,en
1423,inshallah,en
1432,baddua,hi
1433,lgy,hi
1434,gi,hi
1436,bhenc,hi
1439,tavleensingh,en
1440,anurag,en
1441,thakur,hi
1442,asked,en
1451,those,en
1453,saved,en
1454,parliament,en
1462,lakkha,hi
1466,modernize,en
1467,infrastructure,en
1470,financially,en
1471,selfsustainable,en
1473,kyaa,hi
1474,kool,en
1480,tusshar,hi
1482,karimi,hi
1483,rapping,en
1486,honey,en
1492,doston,en
1493,bhaiayon,hi
1495,bahno,hi
1503,berojgaron,en
1506,dunga,hi
1510,thakurpops,en
1511,vaibysays,hi
1512,hahahhaa,hi
1515,daadi,hi
1517,tinka,hi
1519,welcoming,en
1520,prem,en
1522,premratandhanpayo,en
1523,postprocessing,en
1529,normal,en
1530,routine,en
1531,dala,hi
1532,chawal,hi
1533,roti,hi
1543,khuga,hi
1546,maaa,hi
1548,dii,hi
1549,waking,en
1558,ritual,en
1560,republicday,en
1562,mine,en
1563,epic,en
1567,sansadchalnedo,hi
1569,tahershah,hi
1573,logu,hi
1579,fir,hi
1580,usnay,hi
1581,aqal,hi
1582,bech,hi
1599,tumhein,hi
1601,khak,hi
1603,lagega,hi
1608,needlessly,en
1609,long,en
1612,irritating,en
1613,interpreters,en
1614,consolation,en
1623,abeer,hi
1625,gulaal,hi
1629,rahane,hi
1630,karthik,hi
1631,ashwin,en
1633,bhuvneshwar,hi
1640,deesh,hi
1648,dare,hi
1651,fingers,en
1652,upon,en
1656,humare,hi
1661,exasperating,en
1662,ammi,hi
1665,tatti,hi
1668,lala,hi
1670,gyo,hi
1672,roasted,en
1680,masha,hi
1682,aattttt,hi
1692,mua,hi
1695,mehbooba,hi
1696,mufti,en
1699,sworn,en
1712,boycott,en
1713,ceremony,en
1720,chalegi,hi
1726,haryana,hi
1732,muktesvara,en
1735,century,en
1739,bhubaneshwar,hi
1744,wicket,en
1756,uppar,en
1760,oyerjalok,en
1763,rockkkkk,en
1765,cookingggggggg,en
1766,therock,en
1768,priyankachopra,en
1773,baywatchmovie,en
1775,womens,en
1778,wuss,en
1780,womensday,en
1783,virendersehwag,en
1795,pan,hi
1808,sucche,hi
1816,modifearskejriwal,en
1817,desertbedouin,en
1818,ishrat,en
1823,prathmeshsawant,en
1825,confused,en
1829,rpg,en
1835,arunachal,hi
1837,takshakspeaks,hi
1838,garmi,hi
1839,badh,hi
1850,dobara,hi
1851,vancouver,en
1852,nagar,hi
1853,kirtan,hi
1855,kuj,hi
1857,msgthoughts,en
1858,wooooov,en
1869,friends,en
1870,mb,hi
1871,jaydipjarsaniya,hi
1872,paai,hi
1876,kabool,hi
1880,thankyouuu,en
1881,soo,en
1901,bawa,hi
1905,particular,en
1910,bhagwanji,hi
1912,yaadh,hi
1915,ganeshchaturthi,hi
1918,adventure,en
1919,samajh,hi
1921,aata,hi
1922,motabhai,hi
1923,bane,hi
1926,roadie,hi
1927,king,en
1935,poorbitour,en
1936,kapilash,hi
1938,hideeps,en
1939,arey,hi
1942,khaas,hi
1943,twamily,en
1949,krungi,hi
1951,kamaal,hi
1956,excited,en
1957,newslaundry,en
1962,whr,en
1963,kanaihya,hi
1969,sub,hi
1970,judice,en
1976,rithvik,en
1978,asha,hi
1980,havan,hi
1981,khas,hi
1983,dekhiyega,hi
1986,sbb,hi
1988,baje,hi
1991,corruption,en
1998,cracks,en
2004,igbutt,en
2021,slammed,en
2022,dharnas,hi
2028,sat,hi
2030,dharna,hi
2031,himself,en
2033,sbi,hi
2034,exited,en
2037,harega,hi
2038,aree,en
2041,nai,hi
2053,bne,hi
2062,partnerships,en
2065,paaji,hi
2069,reply,en
2084,mtvroadies,en
2087,personalties,en
2091,chiplun,en
2094,km,hi
2096,rupess,en
2097,planned,en
2098,investment,en
2100,integratedme,en
2101,sleep,en
2104,shape,en
2113,solution,en
2115,chodte,hi
2119,agitation,en
2125,barbaadi,hi
2129,dhonis,en
2135,asiacuptfinal,en
2146,decide,en
2147,shift,en
2152,ele,en
2156,vegi,en
2160,mufler,en
2162,cough,en
2163,syrup,en
2164,haa,hi
2172,predicted,en
2175,playoff,en
2180,virat,en
2184,russell,en
2201,dust,en
2202,pollution,en
2205,eliminated,en
2208,inches,en
2210,mud,en
2212,cleaned,en
2214,sides,en
2218,beeroholic,en
2220,videos,en
2223,lose,en
2227,view,en
2234,selfieking,en
2235,devarsh,en
2236,kids,en
2237,bhavnagar,hi
2243,follow,en
2248,nitishkumar,hi
2256,jiyge,en
2257,marge,en
2259,mitege,en
2262,aan,hi
2264,shan,hi
2268,buraliyo,hi
2270,khatma,hi
2271,khrne,hi
2273,liy,en
2281,gyaa,hi
2284,shubkamnayein,hi
2286,adiyogi,hi
2293,grace,en
2299,disciplinary,en
2300,committee,en
2302,expelled,en
2303,yogendra,en
2304,prashant,en
2305,bhushan,hi
2307,anand,en
2313,mehrtarar,hi
2314,kash,hi
2322,thok,hi
2323,diyaaaa,hi
2326,kayakalp,hi
2331,upgradation,en
2335,daysmsg,en
2340,kanhaiyajnusu,hi
2344,payega,hi
2348,bcgiri,hi
2352,rinkkyy,en
2353,hiii,en
2358,yssss,en
2360,mene,hi
2363,rinkuu,en
2365,bahot,hi
2367,baaad,hi
2370,hamko,hi
2371,iambhavya,hi
2373,padhai,hi
2375,writer,en
2382,waqt,hi
2385,eng,en
2391,tumhara,hi
2410,muktimohanweb,en
2414,thisismukti,en
2415,mohanshakti,hi
2417,mufcnewsuk,en
2418,drumlanrig,en
2420,sadomasochism,en
2423,library,en
2424,wassupmusicvideo,en
2425,baytahminizliyoruz,en
2427,funeral,en
2430,chiefs,en
2431,mother,en
2432,amitabh,hi
2442,salman,hi
2446,seth,hi
2447,farjiwaal,hi
2448,khaansiwaal,hi
2457,superman,en
2461,trimbakeshwar,en
2470,jb,hi
2472,khattr,hi
2475,milo,hi
2478,bs,hi
2480,keh,hi
2484,smjh,hi
2485,jayenge,hi
2487,renamed,en
2489,domain,en
2491,seminudedotcom,en
2495,bills,en
2496,slashes,en
2506,lee,hi
2508,leader,en
2511,suryatejborra,en
2517,artoflivingabc,en
2519,srisri,en
2521,deccanchronicle,en
2522,apologies,en
2527,disappointment,en
2530,andhrite,en
2532,sud,en
2533,save,en
2536,forced,en
2537,unequal,en
2538,division,en
2542,shivrati,hi
2546,held,en
2548,overseas,en
2549,mbbs,en
2550,admission,en
2551,fraud,en
2553,salem,en
2558,mrng,en
2561,suno,hi
2563,mndir,hi
2568,mangoge,en
2570,milega,hi
2574,dhang,hi
2576,maaro,hi
2579,deespeak,hi
2581,peda,hi
2586,pala,hi
2597,jhel,hi
2602,incredible,en
2609,kejriwals,en
2610,principal,en
2611,secy,en
2615,falling,en
2623,blessings,en
2625,launching,en
2626,products,en
2629,health,en
2638,aishwarya,hi
2639,rai,hi
2641,omung,en
2647,jadejaa,hi
2657,topic,en
2661,faltu,hi
2663,ilzam,en
2664,lagana,hi
2671,samay,hi
2672,betwana,hi
2674,ill,en
2677,eastwoodmcfly,en
2678,schumers,en
2680,acceptance,en
2682,goldenglobes,en
2685,apke,hi
2694,kamnaye,hi
2697,national,en
2704,viralsdaily,en
2707,chak,hi
2709,mushfiqurs,en
2715,gif,en
2719,count,en
2721,chickens,en
2724,hatch,en
2727,plural,en
2732,absolute,en
2733,luck,en
2737,indies,en
2738,nimrah,en
2739,aisy,en
2740,relationships,en
2742,breakup,en
2745,chahy,hi
2747,gudmorning,en
2749,gudnigh,hi
2751,mauhtaj,hi
2752,hn,hi
2753,sh,hi
2760,technology,en
2762,isuzu,en
2763,dmax,en
2767,rs,en
2769,vcross,en
2772,automakers,en
2773,adve,en
2779,mrityunjay,en
2780,mahadev,en
2781,namosthuthe,en
2783,imvkohlisangel,en
2784,cutuuuuu,en
2785,thankuuuu,en
2789,sudtyagi,en
2790,riteshsid,en
2791,choriyan,en
2792,pahn,en
2794,farhan,hi
2796,ritesh,en
2797,begairato,en
2798,tumhari,hi
2800,cenima,en
2806,milne,hi
2808,ajaye,hi
2811,ir,en
2812,kuple,en
2813,occupygezi,en
2814,direngeziparkigeliyoruz,en
2815,yandasmedyalimonsatonurluyasa,en
2816,nahipata,hi
2817,sohni,hi
2829,lana,hi
2831,rd,en
2832,tym,en
2835,sunday,en
2840,deewani,hi
2841,bra,en
2842,pahna,hi
2846,umesalmaa,en
2851,rameshsrivats,en
2854,bangalore,en
2856,approximately,en
2864,gratitudetoallmothers,en
2871,lot,en
2872,thatcricketingmoment,en
2874,starts,en
2877,dismissals,en
2880,itsyaboyladin,en
2892,insanpaul,en
2895,followers,en
2901,sake,hi
2906,photowalks,en
2909,gthr,en
2910,suppa,en
2911,photowok,en
2913,dadar,en
2915,mehulgohil,en
2916,thesynergy,en
2917,wokthiswayindia,en
2918,zzoker,en
2920,means,en
2921,apka,hi
2923,katna,hi
2924,tay,en
2931,bhale,hi
2933,badan,hi
2935,juda,hi
2937,hoke,hi
2938,hamesha,hi
2940,rehna,hi
2943,kehna,hi
2944,alvida,hi
2949,avsar,hi
2951,milabati,hi
2955,vyakti,hi
2956,bimar,hi
2959,jinhe,hi
2960,jile,hi
2962,vibhin,en
2965,admit,en
2966,hona,hi
2968,royalthough,en
2969,baaraat,hi
2986,lalettanboys,en
2992,thala,hi
2994,tamil,en
2996,vishnuvardhan,en
3003,narration,en
3004,harysforu,en
3005,unmatchable,en
3006,energy,en
3007,eyyyyy,en
3009,balayya,hi
3011,andhraboxoffice,en
3014,actornithiin,en
3015,daretozlaataan,hi
3017,ummeed,en
3019,rkho,hi
3020,drunkvinodmehta,en
3021,havai,hi
3022,yatra,hi
3024,yad,hi
3026,kahi,hi
3030,patil,en
3049,blaming,en
3058,gouravgg,en
3061,woww,en
3065,sewadar,hi
3071,krte,hi
3076,million,en
3077,ghuse,hi
3078,pade,hi
3080,diplomacy,en
3084,jeena,hi
3085,haram,hi
3092,zardari,hi
3096,statement,en
3097,bhakts,hi
3099,wait,en
3102,braille,en
3107,retire,en
3112,thankyousachin,hi
3117,hottie,en
3121,wajse,hi
3124,aaha,hi
3129,sumitverma,en
3138,kaamchori,hi
3139,mismanagementnonsensical,en
3140,rules,en
3143,sums,en
3146,indian,en
3159,centurykant,en
3161,respect,en
3164,woman,en
3173,aum,hi
3176,tatsat,hi
3179,jsingh,en
3181,shatyuvma,en
3183,cuteinsan,en
3185,msgcroreclub,en
3187,craze,en
3189,ms,en
3192,chintan,en
3194,himalayas,en
3195,singing,en
3201,suspensions,en
3203,model,en
3204,gizele,en
3205,thakrals,en
3206,leaked,en
3207,uncensored,en
3208,photoshoot,en
3215,gizelethakral,en
3223,aditityagi,en
3224,praveenpandram,en
3225,zeenews,en
3229,gadi,hi
3233,chalai,hi
3235,jam,hi
3246,kalayan,hi
3247,cess,en
3248,imposition,en
3251,reconsider,en
3255,jawaani,hi
3258,kalki,hi
3259,koechlin,en
3269,murad,hi
3272,dua,hi
3280,iltaza,hi
3281,hmri,hi
3286,john,hi
3287,jani,hi
3288,tara,hi
3289,rum,hi
3291,pum,hi
3293,airlifted,en
3297,ndrf,en
3298,teams,en
3301,columns,en
3307,justeditorials,en
3316,mc,en
3326,darpok,en
3328,sent,en
3329,gvlnrao,en
3331,press,en
3332,conference,en
3334,z,en
3336,prasad,hi
3337,bintasweet,en
3339,kene,hi
3340,yaaar,hi
3342,hurts,en
3344,lifetime,en
3351,karogi,hi
3355,tht,en
3356,politicns,en
3358,praised,en
3360,bigheroes,en
3364,hear,en
3366,saurabhmlagk,hi
3367,helpd,en
3370,basketball,en
3371,cou,en
3372,stuffcool,en
3373,appoints,en
3374,linteractive,en
3378,partner,en
3379,brandequity,en
3380,mllgroup,en
3381,lowe,en
3384,progeria,en
3387,restinpeace,en
3395,mekitni,hi
3396,ladkiya,hi
3399,mekaun,hi
3402,gautamverma,en
3407,cos,en
3414,commentator,en
3423,watermelon,en
3435,anaaval,hi
3436,shukaleshwar,hi
3440,oldest,en
3441,swayambhu,hi
3442,ling,en
3444,bhagwaan,hi
3451,shubha,hi
3452,kamanaye,hi
3453,arifeenibad,en
3455,baaz,hi
3460,nhaye,hi
3462,thnd,en
3468,nonmarathi,en
3469,girl,en
3472,kiss,hi
3474,thackeray,en
3476,suit,en
3479,muffler,en
3480,bhaari,hi
3486,sbko,hi
3487,dhara,hi
3488,shai,hi
3492,gavran,en
3493,chicken,en
3494,fish,en
3495,fry,en
3496,ghotawade,hi
3497,gaon,hi
3498,near,en
3500,phase,en
3501,punefoodiez,en
3503,msgsaysequalitytoall,en
3510,vipulupasani,en
3511,hari,hi
3513,gurumauli,en
3514,really,en
3515,greatest,en
3516,program,en
3517,icing,en
3519,satsang,en
3523,importance,en
3534,badhaai,hi
3538,mothersday,en
3541,earthangel,en
3545,jayabachchan,hi
3548,mohit,en
3549,exemplary,en
3559,wd,en
3560,praveen,en
3561,kumars,en
3564,kchowdhury,en
3565,boycottraees,en
3567,chorna,hi
3568,nehi,hi
3572,theory,en
3576,chalta,hi
3579,bizarre,hi
3582,karwa,hi
3588,focusnewsindia,en
3589,lok,hi
3591,speaker,en
3592,sumitra,en
3596,jyotiraditya,en
3597,adjournment,en
3598,motion,en
3605,researchers,en
3611,etymological,en
3612,origin,en
3615,tripurasundaritemple,en
3617,agartala,hi
3621,peeths,en
3622,constructed,en
3624,piersmorgan,en
3625,trendspune,en
3627,thought,en
3629,followed,en
3631,sahara,hi
3632,pune,hi
3633,warriors,en
3638,superstar,en
3640,agarkar,hi
3643,megastar,en
3644,munaf,en
3645,patel,en
3647,remove,en
3648,hashim,en
3649,proteafire,en
3659,aage,hi
3660,badho,hi
3666,drdheerajjain,hi
3668,konsi,hi
3669,flop,en
3673,ranaayyub,hi
3675,aunty,en
3678,tweeting,en
3680,sense,en
3687,baizti,hi
3692,mustafizur,en
3697,bowler,en
3704,mcgrath,en
3705,legendinmaking,en
3707,haramzada,hi
3709,harami,hi
3713,stillmsgeverywhere,en
3722,guruji,en
3726,reacts,en
3733,youteeee,en
3737,hillarious,en
3739,gea,en
3741,espncricinfo,en
3742,icymi,en
3748,mohali,en
3753,story,en
3755,wivszim,en
3756,gayle,en
3759,tcnlive,en
3761,discussions,en
3764,rubruratri,en
3765,twtratri,en
3767,zoron,en
3768,ce,en
3769,chl,hi
3771,msgratri,en
3781,nets,en
3782,kebaadkarenge,hi
3785,traditional,en
3787,killing,en
3792,dheron,hi
3797,umr,hi
3798,lmbi,hi
3810,left,en
3817,uske,hi
3823,waah,hi
3825,rangeele,en
3849,could,en
3850,sue,en
3852,copyright,en
3853,infringement,en
3855,babaji,hi
3857,thullu,en
3858,atletidekolkata,hi
3859,hume,hi
3860,anto,hi
3861,rafique,en
3862,doutie,en
3871,usme,hi
3873,quota,en
3876,dino,hi
3877,unlimited,en
3881,nitingadkari,hi
3883,queue,en
3886,nagpurdelhi,en
3887,flight,en
3889,any,en
3891,ordinary,en
3894,aam,hi
3895,aadmi,hi
3900,ae,hi
3903,yo,hi
3905,click,en
3911,personalized,en
3912,digital,en
3913,autograph,en
3914,anirudhchaudhry,hi
3917,initiatives,en
3919,skill,en
3921,sureshpprabhu,en
3923,hoezaay,hi
3924,misheardlyrics,en
3925,weds,en
3928,rahbar,hi
3931,server,en
3934,akhbar,hi
3945,sahido,hi
3947,cr,en
3948,milege,en
3951,kejricroffer,en
3958,carrot,en
3959,ghee,hi
3961,palak,hi
3962,tawa,hi
3963,rice,en
3968,republic,en
3972,sharmilichudail,en
3973,hoshwalon,hi
3977,anaesthesia,hi
3979,cheez,hi
3983,utsav,en
3995,sadaiv,hi
3996,bani,hi
4000,theatrical,en
4009,cholaa,hi
4012,aaja,hi
4013,ve,hi
4015,deepanchor,en
4019,wonderful,en
4021,meet,en
4027,fed,en
4035,thedeccanherald,en
4038,soon,en
4041,mkvenu,en
4045,mahasabha,hi
4046,marks,en
4048,killer,en
4049,nathuram,en
4052,hanged,en
4054,swatch,en
4059,jehadis,en
4061,torn,en
4062,apart,en
4064,dumped,en
4065,ajit,en
4071,hind,hi
4072,celebrations,en
4076,moderate,en
4079,gachibowli,en
4080,iamkavitharao,hi
4089,comon,en
4090,boyz,en
4099,fielding,en
4102,jiski,hi
4103,wajase,hi
4105,khelrahahe,hi
4106,unhi,hi
4111,paki,hi
4112,grnd,en
4114,canten,en
4115,kholke,hi
4116,baithta,hi
4118,villages,en
4120,priority,en
4123,panchayati,hi
4127,nmapp,en
4128,iyc,en
4134,rg,en
4136,mana,hi
4139,sharm,hi
4148,tweetsbysehar,en
4150,mohabbat,hi
4152,majboor,hi
4158,sawab,hi
4161,urdupoetry,en
4162,govts,en
4163,redressal,en
4165,takes,en
4167,social,en
4169,route,en
4170,mukul,en
4172,hitesh,hi
4173,khatpalani,hi
4174,barnwal,en
4178,liked,en
4183,vannarapettai,hi
4186,pazhaya,hi
4188,quarterfinal,en
4194,kyonki,hi
4196,quarter,hi
4201,usko,hi
4205,uthte,hi
4212,visa,hi
4229,yrs,en
4233,goes,en
4236,dravid,en
4238,zaheer,hi
4242,agree,en
4243,welldonedelhidaredevils,en
4244,gracefulkiru,en
4245,goon,en
4246,noon,en
4247,kudiyon,hi
4249,jasdeepinsan,en
4252,thnku,en
4257,inspiration,en
4265,country,en
4267,spokespersonmod,en
4272,helping,en
4274,authorities,en
4277,forest,en
4278,fires,en
4288,imagine,en
4292,anjali,hi
4294,sachinteaser,en
4295,sachinthefilm,en
4296,sachinrt,en
4297,quoting,en
4298,shubhada,hi
4299,gogate,en
4303,literature,en
4308,eagerlyyyyy,en
4315,bhtt,hi
4320,jaanapapa,hi
4323,gadwari,hi
4329,ideas,en
4332,vision,en
4339,dein,hi
4340,aapatkaleen,hi
4341,stithi,hi
4343,vimaan,hi
4346,bhaag,hi
4349,dwaar,hi
4351,rahein,hi
4354,varshaveta,hi
4356,baju,hi
4358,papad,hi
4364,experience,en
4365,ley,hi
4367,aachakiya,hi
4369,yahin,hi
4370,sey,hi
4371,khareedo,hi
4372,beelaaltariq,hi
4373,tmhay,hi
4379,jatanacharya,hi
4380,two,en
4381,days,en
4386,bribe,en
4388,stings,en
4389,uttarakhand,en
4393,vivekmmisra,en
4395,tehseenp,en
4399,gir,hi
4400,sakte,hi
4403,pappul,en
4407,etna,hi
4408,girte,hi
4413,samhya,hi
4416,bhagto,hi
4430,second,en
4437,paap,hi
4444,dand,hi
4450,deepkbudki,hi
4451,akele,hi
4458,session,en
4463,strength,en
4465,thori,hi
4470,singer,en
4471,fil,en
4472,lahorerisesagainstcorruption,en
4474,ajeeb,hi
4475,charisma,hi
4477,kaptan,hi
4480,robertvadra,en
4482,iamsameeranwar,en
4484,anything,en
4486,regime,en
4488,democracy,en
4490,godse,en
4493,spread,en
4495,btwn,en
4497,godsewe,en
4508,resident,en
4509,fund,en
4510,isis,en
4511,through,en
4512,hawala,hi
4513,transactions,en
4514,bhatkal,hi
4516,trendulkar,en
4521,run,hi
4531,themangofellow,en
4533,ba,hi
4534,thera,hi
4535,eq,hi
4537,hogaya,hi
4538,doval,en
4542,west,en
4543,bengal,hi
4546,jurm,hi
4560,umairrow,en
4565,deisel,en
4566,engine,en
4568,bela,hi
4570,prarthana,hi
4575,kalyaan,hi
4576,karen,hi
4579,spiritual,en
4582,worship,en
4590,jete,hi
4593,doge,hi
4594,tmlog,en
4595,landacquisitionbill,en
4597,asa,hi
4604,jameen,hi
4605,cheen,hi
4611,jeeta,hi
4615,lunga,hi
4616,heartiest,en
4619,drortho,en
4621,contest,en
4622,drorthooil,en
4624,dard,hi
4626,ghutne,hi
4627,tekega,hi
4630,nitin,en
4631,pai,hi
4634,jangal,hi
4636,pakad,hi
4638,laye,hi
4641,hissa,hi
4642,bilkul,hi
4650,srk,en
4656,truth,en
4657,spoken,en
4658,caste,en
4660,reservation,en
4665,yoga,en
4666,training,en
4669,given,en
4672,guards,en
4677,announced,en
4678,participation,en
4680,elections,en
4681,asadowaisi,hi
4682,aimimfansclub,en
4685,andar,hi
4690,stations,en
4695,provided,en
4700,ibleedgreen,en
4701,inshaallah,hi
4703,hamaray,en
4705,bowlers,en
4706,kamal,hi
4708,dikhayengay,hi
4710,kaushikr,hi
4719,nimita,hi
4720,rudrabhishekh,hi
4721,kia,hi
4722,truthroars,en
4723,febp,en
4724,justrichpro,en
4725,ordered,en
4728,fiverr,en
4729,clash,en
4731,sultan,en
4733,suicide,en
4734,je,hi
4738,rajya,hi
4742,bola,hi
4745,expect,en
4746,greater,en
4747,things,en
4751,gurmeetramrahims,en
4752,account,en
4755,withheld,en
4758,response,en
4761,legal,en
4763,learn,en
4769,byah,hi
4772,paas,hi
4773,miley,hi
4783,dikhate,hi
4784,huye,hi
4785,sirpareshrawal,en
4787,jahan,hi
4790,behtareen,hi
4792,adbhut,hi
4794,hon,hi
4802,sakta,hi
4804,praveenraou,en
4805,karnataka,hi
4806,rathotsava,en
4808,badami,hi
4811,ghanti,hi
4812,arti,hi
4814,thali,hi
4815,nadi,hi
4817,kinare,hi
4818,suraj,hi
4820,lali,hi
4823,khushiyo,hi
4825,bahar,hi
4830,kudos,en
4832,keep,en
4837,bigontop,en
4839,cricbellz,en
4840,manzoor,en
4842,confusing,en
4844,hell,en
4847,inzi,en
4849,aesyy,en
4852,wajh,hi
4856,zindaa,hi
4864,kullad,en
4867,jyotish,en
4875,msghumanitycamps,en
4885,didnt,en
4886,kill,en
4894,postgraduate,en
4895,global,en
4896,warming,en
4898,exist,en
4901,jaya,hi
4902,bachchan,hi
4904,disqualified,en
4906,rajyasabha,hi
4910,resign,en
4912,several,en
4913,posts,en
4922,bhaiyon,hi
4930,gaana,hi
4934,kejritrolls,en
4941,likhne,hi
4944,syllabus,hi
4947,sawaal,hi
4950,ans,hi
4952,paaoge,hi
4962,typerioter,en
4968,holy,en
4975,credit,en
4977,ambedkar,hi
4987,travel,en
4990,kapoormaahi,hi
4994,majak,hi
4998,gareeb,hi
5000,sei,hi
5002,layega,hi
5005,toe,hi
5007,loot,hi
5009,thei,hi
5012,padmashree,en
5015,ambassadors,en
5019,tourism,en
5024,vachan,hi
5030,mithun,en
5031,daa,hi
5041,mylifeasadesi,en
5042,robbinsville,en
5043,akshardham,hi
5048,yyoungdesi,en
5049,they,en
5056,uski,hi
5060,feeya,en
5061,shadoli,hi
5063,dinga,hi
5064,naak,hi
5067,hoodnay,hi
5069,dill,hi
5072,zaa,hi
5073,kanimozhi,hi
5074,khushsundar,hi
5075,kapilkausik,hi
5077,sundae,en
5078,pity,en
5082,saurabhraaj,hi
5097,hamain,hi
5099,iman,hi
5100,naseeb,hi
5101,ameen,en
5103,raja,hi
5104,sree,hi
5111,pukarne,hi
5113,dharti,hi
5115,janm,hi
5118,un,hi
5121,charno,hi
5123,mastak,hi
5124,nabhata,hi
5127,ashokaroad,en
5128,lady,en
5129,sitting,en
5132,satish,en
5133,upadhyay,en
5135,sisterinlaw,en
5138,media,hi
5143,soft,en
5149,putting,en
5152,touches,en
5156,warispathan,hi
5157,mim,en
5159,waris,en
5160,pathan,en
5162,imtiyaz,en
5163,jaleel,en
5166,met,en
5168,newly,en
5170,mumbai,en
5172,commissioner,en
5173,ahmed,en
5175,ermki,en
5180,meditation,en
5181,taught,en
5186,gold,en
5188,international,en
5191,dhaniya,hi
5196,choo,hi
5199,desiobsession,en
5200,bajirao,hi
5201,mastani,hi
5218,khushi,hi
5221,sridevi,en
5227,chudiya,hi
5233,nau,hi
5234,chutiya,hi
5237,bhola,hi
5242,shivling,en
5243,maid,en
5246,shivala,hi
5247,bagh,hi
5248,bhayian,hi
5250,ohh,en
5254,sfai,hi
5255,abhiyan,hi
5256,plantsion,en
5257,briliint,en
5266,amit,en
5269,tuesday,en
5272,mangalkamnayen,hi
5277,sabko,hi
5281,eveyone,en
5282,shivaye,hi
5285,footiya,en
5286,daud,hi
5293,jaldi,hi
5294,pahuchti,hi
5298,mind,en
5302,fledged,en
5303,university,en
5311,ips,en
5312,officer,en
5313,archana,hi
5314,appointed,en
5316,muvyz,en
5317,saurabhturakhia,hi
5318,thekkapoor,hi
5319,ayushmehta,hi
5320,efsenarocks,en
5321,chalo,hi
5322,correction,en
5328,saktiman,hi
5330,oops,en
5331,rahulg,en
5333,anna,hi
5336,fitoor,en
5340,roy,en
5341,kapur,hi
5350,kholi,hi
5354,retirement,en
5363,shikhar,hi
5367,zeenewshindi,en
5371,made,en
5373,sabha,hi
5374,member,en
5379,offered,en
5383,promises,en
5385,raise,hi
5391,feliz,en
5396,comments,en
5402,beef,en
5404,daaru,hi
5406,porn,en
5414,tumhaare,hi
5416,saurabhraajjain,hi
5423,shubhkamnayeein,hi
5426,mutp,en
5427,iii,en
5428,includes,en
5431,pavnel,en
5432,doubling,en
5433,kalwa,hi
5434,link,en
5435,quadrapling,en
5436,nend,en
5442,saali,hi
5444,notthatremesh,en
5445,hldng,en
5446,hands,en
5448,sadanadan,en
5450,victim,en
5452,leftistterror,en
5455,hs,en
5456,legs,en
5457,wr,en
5458,chopped,en
5460,bycpm,en
5463,bbsrbuzz,en
5473,leading,en
5476,votes,en
5478,prof,en
5479,jagdish,hi
5480,mukhi,hi
5487,kartik,hi
5489,bharucha,hi
5490,morey,en
5491,saiyaan,hi
5494,hd,en
5497,roots,en
5501,ankurgee,en
5502,realistic,en
5503,positive,en
5505,progressive,en
5506,inclusive,en
5510,missing,en
5511,murali,en
5512,vijay,en
5513,itz,en
5515,namo,hi
5517,pataye,hi
5520,utkarshnaithani,hi
5525,brothers,en
5526,sisters,en
5540,mothers,en
5544,unclaimed,en
5551,exams,en
5556,shaadi,hi
5557,kardenge,hi
5559,preparations,en
5564,reception,en
5566,dress,en
5567,luckyreyy,en
5569,sai,hi
5573,pehli,hi
5574,dfa,hi
5575,teenday,hi
5576,khaye,hi
5577,bara,hi
5579,mza,hi
5580,aya,hi
5581,yaayy,hi
5586,shuru,hi
5595,semperfiunited,en
5602,samjhaunga,hi
5608,munda,hi
5612,daredevils,en
5617,galat,hi
5619,art,en
5624,baccho,hi
5626,kasam,hi
5628,kanhaiyakumar,hi
5633,scvaid,en
5634,ndpaatil,en
5635,poothegr,en
5636,saikarun,hi
5638,somvar,en
5642,suspends,en
5644,harinder,en
5646,khalsa,hi
5651,antiparty,en
5652,activities,en
5654,nationalistnamo,en
5657,highlights,en
5661,elderlysenior,en
5667,twinkle,en
5670,mrx,en
5674,alltimebakchod,hi
5676,negi,hi
5678,itne,hi
5679,paise,hi
5681,dekhkar,hi
5682,mile,hi
5683,personality,en
5684,duminy,en
5690,clubsporium,en
5696,sare,hi
5698,spam,en
5703,jisko,hi
5704,problem,en
5707,jake,hi
5709,bhains,hi
5710,charaye,hi
5711,justkidding,en
5722,hastag,en
5723,immediately,en
5724,msgincinemas,en
5729,airnewsalerts,en
5731,faqs,en
5734,procedure,en
5736,approval,en
5741,pa,hi
5745,kailashavasi,hi
5746,native,en
5748,kailasha,hi
5751,misogyny,en
5754,bangali,hi
5757,izat,hi
5758,bchao,hi
5759,support,en
5763,hny,en
5764,py,hi
5765,shor,hi
5766,macha,hi
5767,ray,hi
5771,presidentmukherjee,en
5772,conferred,en
5777,tweetzaade,hi
5778,pratyusha,hi
5783,karwane,hi
5784,padenge,hi
5786,jaa,hi
5794,brownie,en
5798,baap,hi
5802,glorious,en
5803,past,en
5805,bare,hi
5808,bataya,hi
5810,ismein,hi
5813,karoor,hi
5815,shahzad,hi
5817,sy,en
5818,guzarish,hi
5820,aj,hi
5821,izzat,hi
5824,wasta,hi
5827,satyamev,en
5828,jayte,hi
5833,gov,en
5838,bodies,en
5840,polictian,en
5843,rkhe,hi
5847,medal,hi
5849,skte,hi
5853,uz,en
5854,zamen,en
5858,val,hi
5861,vegetables,en
5862,fruits,en
5863,garden,en
5873,kamate,hi
5874,honxt,en
5875,twt,en
5876,muje,hi
5881,nawabi,hi
5882,shok,hi
5884,doubt,en
5889,shoot,en
5890,promo,en
5897,trollkejri,en
5900,maang,hi
5903,malicious,en
5904,campaign,en
5908,complete,en
5909,lies,en
5911,name,en
5912,heres,en
5914,truthsatyamevajayate,hi
5917,broken,en
5921,shoulder,en
5922,overnight,en
5925,recovery,en
5926,lep,hi
5927,lagaye,hi
5931,dhanawade,hi
5936,runawade,hi
5938,taking,en
5942,absurd,en
5943,chhutti,hi
5954,ranbirkuniverse,en
5956,pictures,en
5959,deepika,en
5960,padukone,en
5965,tamasha,hi
5968,haiii,hi
5969,paaajii,hi
5970,khudkoo,hi
5971,bachaaa,hi
5972,bolkeee,hi
5973,bacheee,hi
5975,jaaaan,hi
5977,raheee,hi
5979,appp,hi
5986,ceat,en
5987,tyre,en
5991,potty,en
5994,jaayein,hi
5995,usually,en
5997,haathon,hi
6000,dhote,hi
6003,gaand,hi
6007,baithoge,hi
6016,nawaz,hi
6020,bheji,hi
6026,mazaak,hi
6028,bhaksala,hi
6029,lagta,hi
6043,caring,en
6046,mushfiqur,en
6047,rahim,en
6049,happyyyyy,en
6051,naibuthuthu,en
6052,bridge,en
6055,consultant,en
6056,aki,hi
6058,fathimath,en
6060,ge,hi
6061,kokku,hi
6062,ismail,en
6064,thayyib,hi
6065,dyingregime,en
6067,batein,hi
6068,choclate,hi
6070,daba,hi
6071,gift,en
6074,samjhae,hi
6081,sumit,en
6082,sambhal,hi
6093,garam,hi
6094,khoon,hi
6103,lamba,hi
6109,entire,en
6110,political,en
6111,science,en
6112,yuvaitv,en
6113,debottlenecking,en
6114,traffic,en
6115,facility,en
6119,allocated,en
6127,wrat,hi
6134,kiske,hi
6136,rakha,hi
6141,biggest,en
6152,quitter,en
6153,ganda,hi
6155,addict,en
6159,deactivate,en
6160,karunga,hi
6161,yours,en
6162,sincerely,en
6163,desi,hi
6164,lcfc,en
6165,fairytale,en
6166,deserved,en
6168,bit,en
6172,champions,en
6178,karun,hi
6185,indoritweets,en
6186,poonam,en
6187,pande,en
6191,eve,en
6194,omkareshwar,hi
6197,ashramsewateam,en
6198,sumitsambhallega,hi
6199,das,hi
6200,plays,en
6203,everybody,en
6204,loves,en
6205,raymond,en
6209,saadbinnaeem,hi
6212,aapa,hi
6216,saare,hi
6219,bleach,en
6221,karahi,hi
6223,daal,hi
6224,den,hi
6227,todte,en
6232,fly,en
6234,morocco,en
6235,separately,en
6239,believed,en
6242,boarde,en
6246,itisprashanth,en
6247,theri,en
6250,coimbatore,en
6253,trichy,en
6254,distributor,en
6259,thu,hi
6260,im,en
6262,meena,hi
6263,bazaar,hi
6269,aadiguru,hi
6270,sadiyon,hi
6281,lungfakeer,en
6282,meanwhile,en
6284,tidies,en
6286,bed,en
6287,smiling,en
6288,great,en
6289,start,en
6292,weekend,en
6297,increase,en
6299,railwayminister,en
6300,pitches,en
6304,swachh,hi
6305,bharat,hi
6307,imdpk,en
6308,afzal,en
6310,sharminda,hi
6313,harane,hi
6321,confirms,en
6323,intikhab,hi
6324,alam,hi
6329,manager,en
6331,tour,en
6333,england,en
6336,dineshghodke,hi
6338,marathi,hi
6339,translates,en
6341,then,en
6343,question,en
6344,arises,en
6345,kaay,hi
6348,marvels,en
6349,civilwartrailer,en
6351,sec,en
6352,spiderman,en
6353,adhurssssssss,en
6354,spidey,en
6356,civilwar,en
6357,chaluuu,en
6362,nalayak,hi
6365,honge,hi
6367,gaaliyan,hi
6369,khayenge,hi
6371,hanging,en
6372,pillar,en
6374,lepakshi,en
6385,finishes,en
6387,game,en
6389,realized,en
6390,their,en
6392,value,en
6394,secularism,en
6396,replace,hi
6400,kareena,hi
6404,l,en
6406,wapsi,hi
6409,cheeze,hi
6411,zaroor,hi
6414,kisine,hi
6416,nahin,hi
6417,bhooton,hi
6420,sacha,hi
6428,forgot,en
6429,sreesanth,en
6438,fodenge,en
6442,abhishekam,hi
6444,presence,en
6446,gurudev,en
6448,gurupaduka,en
6451,msgappeals,en
6456,taker,hi
6458,paa,hi
6459,hats,en
6460,off,en
6463,teachings,en
6465,justiceornab,en
6468,mamata,hi
6470,azam,en
6473,jayalalitha,hi
6477,ap,hi
6481,abuse,en
6483,because,en
6487,maaf,hi
6488,kardo,hi
6491,ana,hi
6494,jiju,hi
6498,italy,en
6501,business,en
6502,set,hi
6503,karva,hi
6504,lijiye,hi
6505,try,en
6506,something,en
6510,maney,en
6511,jer,hi
6512,pachaav,hi
6515,ane,hi
6516,amrut,en
6517,va,hi
6521,greetings,en
6525,shareefboy,en
6528,happening,en
6529,shweta,hi
6532,poocho,hi
6533,caught,en
6535,clicked,en
6537,rehearse,en
6540,jagga,hi
6541,jasoos,en
6543,number,en
6545,indiahistorypic,en
6546,garbhagriha,hi
6548,ancient,en
6550,jyotirlinga,en
6556,manate,hi
6558,simple,en
6559,kyo,hi
6572,hamla,hi
6573,dead,en
6577,road,en
6578,jamana,hi
6579,chod,hi
6581,hu,hi
6583,gurruchoudhary,en
6584,thanx,en
6587,lostboy,en
6588,ankitfearless,en
6590,vipul,en
6592,pagal,hi
6596,maha,hi
6597,shivavye,en
6598,saying,en
6599,sholay,en
6603,hasansafin,en
6604,disgusting,en
6605,vitthal,en
6606,radadiya,en
6609,kicks,en
6618,deals,en
6620,repackaged,en
6622,sudharne,hi
6625,aaye,hi
6628,fellow,en
6630,thirunal,en
6643,mukth,en
6646,paratha,hi
6647,kha,hi
6649,re,hi
6650,tea,en
6652,khaanakhaaya,hi
6653,haha,hi
6654,shukriya,hi
6658,isliye,hi
6660,kyuki,hi
6664,takkar,hi
6668,khada,hi
6671,rehne,hi
6675,labors,en
6677,subah,hi
6678,uth,hi
6681,cricketndtv,en
6683,dwayne,en
6686,indulging,en
6689,banter,en
6694,each,en
6696,indvswi,en
6697,moscow,en
6698,needs,en
6699,judicial,en
6700,guarantees,en
6702,missile,en
6703,system,en
6705,asia,en
6708,target,en
6709,russia,en
6710,fm,en
6716,gher,hi
6723,aashishkhetan,hi
6725,addressing,en
6727,kisan,hi
6728,dialouge,en
6732,plants,en
6733,lgana,hi
6735,iski,hi
6736,lgane,hi
6738,prenna,hi
6742,economy,en
6747,postcard,en
6753,knowledge,en
6755,size,en
6761,dadasaheb,hi
6762,phalke,hi
6763,award,en
6767,actor,en
6768,critics,en
6769,choice,en
6773,portrayal,en
6775,professor,en
6778,bjymlck,en
6785,hinjewadi,hi
6791,d,en
6792,kind,en
6794,mayhem,en
6795,dis,en
6796,local,en
6797,gaonwalas,en
6798,hve,en
6799,sprd,en
6804,namay,en
6805,shivay,en
6806,pray,en
6810,umy,en
6811,icon,en
6816,modiexpress,en
6819,girishlht,en
6820,kejaru,hi
6822,aahab,hi
6824,paisa,hi
6827,mang,hi
6830,aapne,hi
6832,taxes,hi
6833,badhaye,hi
6842,slaughtering,en
6843,cattles,en
6850,stop,en
6851,cow,en
6860,hilla,en
6865,drugs,en
6866,nailainayat,hi
6868,tooo,hi
6873,hmesha,hi
6874,mehnt,hi
6880,hk,hi
6884,khao,hi
6887,vadodarahistory,en
6888,timelapse,en
6891,sursagar,hi
6895,kothi,hi
6896,yr,hi
6897,tez,hi
6900,blooddonorsin,en
6902,blood,en
6903,urgently,en
6905,citizens,en
6907,serlingampally,en
6908,call,en
6915,committment,en
6920,yha,hi
6927,thhe,hi
6937,entry,en
6943,runout,en
6945,jaanch,hi
6946,karwaengey,hi
6949,baccha,hi
6954,thore,hi
6964,gayab,hi
6966,speed,en
6968,implementing,en
6969,policies,en
6973,bullet,en
6975,japanese,hi
6976,abe,hi
6980,holiday,en
6981,sale,en
6982,french,en
6983,locket,en
6985,eiffel,en
6986,tower,en
6987,necklace,en
6989,coral,en
6990,teardrop,en
6992,pearl,en
6993,share,en
6994,meninbluedvotee,en
6995,aakankshacharu,hi
6996,rathore,en
7001,kyaukhaadlega,hi
7002,dutt,en
7005,quietly,en
7006,humming,en
7009,iplopeningceremony,en
7012,prayer,en
7014,mahakal,hi
7021,khelna,hi
7023,mom,en
7025,tumhare,hi
7028,khelneke,hi
7031,yaay,hi
7032,roses,en
7037,youngest,en
7038,nephew,en
7041,chota,hi
7043,kalloori,hi
7044,tipsguidance,en
7048,career,en
7049,planning,en
7054,juuism,en
7059,launda,hi
7060,aapka,hi
7066,camping,en
7071,unke,hi
7072,kripa,hi
7073,ish,en
7076,hamari,hi
7079,banaye,hi
7086,kamna,hi
7087,badhye,hi
7097,teaser,en
7107,kept,en
7109,own,en
7115,right,en
7118,want,en
7120,play,en
7121,dirty,en
7122,polit,en
7123,sports,en
7130,inform,en
7131,kare,hi
7135,react,en
7136,karoge,hi
7138,sari,hi
7139,ghaas,hi
7140,sookh,hi
7143,kitney,hi
7144,bechain,hi
7151,mildlyclassic,en
7158,stuart,en
7159,binny,en
7163,husband,hi
7164,yahaa,hi
7169,lesson,en
7170,jindagi,hi
7172,seekha,hi
7175,aloha,hi
7176,whats,en
7178,secret,en
7179,behind,en
7181,beautiful,en
7182,aakriti,hi
7198,kehta,hi
7201,rukta,hi
7203,sadko,hi
7212,mrophiophagus,en
7214,wud,en
7217,sponser,en
7220,patak,hi
7222,gari,hi
7223,yuhi,hi
7224,kat,hi
7225,jaayega,hi
7226,safar,hi
7231,manzil,hi
7232,aayegi,hi
7233,nazar,hi
7235,tweetne,hi
7238,raahi,hi
7245,jaega,hi
7247,score,en
7248,gamemaarichhe,hi
7251,kenny,en
7252,bates,en
7253,action,en
7254,producer,en
7256,nirav,en
7258,dop,en
7260,vindugoel,en
7261,burnol,en
7263,inko,hi
7265,indiafinger,en
7267,bud,en
7268,meko,hi
7271,madam,hi
7273,phaltu,hi
7276,likhna,hi
7280,bhari,hi
7281,words,en
7283,milre,en
7286,msdhoni,hi
7287,aadiacharya,hi
7289,bakwas,hi
7290,sunn,hi
7292,headache,hi
7295,majburi,hi
7298,commentary,en
7305,funnytruth,en
7307,reduce,en
7309,swelling,en
7311,irritation,en
7313,mosquito,en
7314,bites,en
7316,help,en
7318,nicotine,en
7319,withdrawal,en
7321,ndtvprofit,en
7322,rbi,en
7323,governor,en
7324,warns,en
7327,fastestgrowing,en
7328,tag,en
7332,bhot,hi
7333,yaad,hi
7335,rhi,hi
7338,kaash,hi
7344,wha,hi
7348,jinx,en
7351,censor,en
7352,board,en
7353,revamp,en
7354,shyam,en
7355,benegal,en
7359,nehru,en
7363,enough,en
7365,retributions,en
7367,amma,en
7368,runs,en
7371,kitchens,en
7373,controlling,en
7375,tickets,en
7376,increasingly,en
7377,copied,en
7379,rich,en
7386,subhkamanaye,hi
7392,cast,en
7393,lakshmi,hi
7394,menon,en
7395,editor,en
7396,cinemainmygenes,en
7397,dine,hi
7400,same,en
7403,raaj,hi
7409,psmithson,en
7410,dude,en
7416,rona,hi
7427,bigprintkarthik,en
7429,pvppictures,en
7433,motivationalquote,en
7437,timeline,en
7443,idontwantit,en
7449,durghatna,hi
7451,khabar,hi
7452,sunke,hi
7455,dukh,hi
7458,agni,hi
7459,pralaya,hi
7461,jinke,hi
7462,pran,hi
7463,cont,en
7465,congrats,en
7471,patakhe,hi
7472,phodega,hi
7481,trend,en
7483,febwitharnab,hi
7488,itnlive,en
7491,domestic,en
7492,sewage,en
7494,yamuna,hi
7506,rahoge,hi
7518,programme,en
7522,tweetsnow,en
7523,sportstweets,en
7524,darbari,hi
7525,pervez,en
7526,rasheed,en
7527,tried,en
7529,level,en
7530,best,en
7532,defend,en
7533,sharief,en
7537,nation,en
7542,ma,hi
7543,bhejo,hi
7544,ga,hi
7545,esi,hi
7546,piyari,hi
7547,andorid,en
7549,mobile,en
7550,choti,hi
7553,tumara,hi
7556,pechay,hi
7557,lattoo,hi
7560,gaa,hi
7561,baywatch,hi
7562,avatar,hi
7565,big,en
7566,yayyyy,en
7571,stunning,en
7573,sardaar,hi
7577,pawan,hi
7578,kalyan,hi
7580,te,hi
7584,faller,en
7586,ppl,en
7588,succesful,en
7589,bidder,en
7591,kingfisher,en
7592,brand,en
7595,carry,en
7599,created,en
7600,around,en
7601,mallaya,en
7604,stinsondesi,en
7605,jokero,en
7607,naukri,hi
7609,kallu,hi
7610,questiontoself,en
7612,chali,hi
7614,hoihai,hi
7615,karke,hi
7617,feli,en
7620,yaha,hi
7622,bhooto,hi
7627,vidai,hi
7630,sher,hi
7631,arz,hi
7637,khub,hi
7638,dekhi,hi
7640,shakal,hi
7641,chal,hi
7650,ehsaas,hi
7651,hote,hi
7656,ik,hi
7657,dhandha,hi
7661,yashrajkarnwal,hi
7662,meenay,hi
7663,tm,hi
7665,dekhti,hi
7669,gangaajal,hi
7672,prakash,hi
7673,jha,hi
7675,nitinmahalwal,en
7679,walo,hi
7681,bacho,hi
7683,afwaho,hi
7690,aag,hi
7691,lagane,hi
7693,jatreservation,en
7694,desidime,en
7697,become,en
7700,raah,hi
7702,satenderhooda,hi
7713,jee,hi
7717,very,en
7723,shubhkamna,hi
7724,shree,en
7725,somnath,en
7734,karpur,hi
7735,gauram,hi
7736,karunavtaaram,hi
7737,sansar,hi
7746,bodybuider,en
7747,khamkar,hi
7749,govind,en
7752,mitra,hi
7757,daarubaazmehta,hi
7764,giving,en
7765,salaries,hi
7767,nonexisting,en
7768,persons,en
7770,celebration,en
7774,naa,hi
7775,humhainnaasony,hi
7776,sonytv,en
7777,kanwardhillon,en
7783,centre,en
7785,readily,en
7786,provide,en
7791,justicearnab,en
7798,augusta,en
7799,case,en
7802,talking,en
7818,ranaut,en
7819,dropped,en
7822,mails,en
7824,hrithik,en
7825,explained,en
7826,quantum,en
7827,computing,en
7829,audience,en
7835,explain,en
7836,escape,en
7837,velocity,en
7842,shivaay,hi
7843,such,en
7845,joyous,en
7851,power,en
7852,projects,en
7855,alwys,en
7858,humanity,en
7860,krta,hi
7861,rhega,hi
7872,sabhi,hi
7875,future,en
7877,mubarak,hi
7879,heeripeeri,en
7880,thts,en
7884,nothing,en
7888,arrogant,en
7889,bengalis,en
7890,cry,en
7892,sudhu,hi
7899,dhrubo,en
7900,single,en
7903,itzbhaskar,hi
7904,panche,hi
7905,pakka,hi
7907,aythe,en
7908,navy,en
7909,blue,en
7910,zip,en
7911,t,en
7912,shirt,en
7914,truly,en
7915,tragic,en
7917,battered,en
7918,diplomatically,en
7920,chestsize,en
7921,vibe,en
7923,ineffective,en
7924,http,en
7925,mahakaleshwar,hi
7930,jyotirlingas,en
7938,opening,en
7947,matlb,en
7948,crayons,en
7952,channel,en
7964,kahta,hi
7968,bad,hi
7970,chor,hi
7972,typodhish,en
7974,brid,en
7977,dusra,hi
7979,animal,en
7981,mix,hi
7983,jitni,hi
7984,awaaz,hi
7985,humnein,en
7986,nationalanthem,en
7987,gaate,hi
7988,hue,hi
7993,worldcup,en
7994,jeetne,hi
8000,chup,hi
8003,darja,hi
8004,saadgi,hi
8009,shikayat,hi
8018,yogeshwar,hi
8020,milkha,hi
8021,removal,en
8023,olympics,en
8024,goodwill,en
8026,nice,en
8034,haapyyy,en
8035,aniversry,en
8036,mahi,hi
8037,sunil,en
8038,gavaskar,en
8040,head,en
8041,does,en
8043,mean,en
8045,return,en
8048,sachin,en
8049,tendulkar,hi
8054,dosa,hi
8056,idli,en
8057,parcel,en
8059,onion,en
8060,uptappa,en
8061,plate,en
8062,vada,hi
8063,breaking,en
8071,hr,hi
8073,bohut,hi
8074,strict,en
8084,government,en
8085,claim,en
8086,fails,en
8088,tuned,en
8089,watching,en
8090,rsmma,en
8091,where,en
8092,mirchimumbai,en
8093,gives,en
8095,salaam,hi
8096,aweesome,en
8097,host,en
8098,sonunigam,en
8099,staytuned,en
8103,chaturdashi,hi
8105,calendar,en
8107,maagha,hi
8110,amavasyaant,en
8111,month,en
8112,calculation,en
8113,nirmalogy,en
8116,dheeron,hi
8117,subhkamnayein,hi
8122,happiest,en
8124,built,en
8126,chola,hi
8133,badlte,hi
8134,rahiye,hi
8135,mattcutts,en
8136,telford,en
8138,sting,en
8139,market,en
8140,drayton,en
8141,shropshirestar,en
8142,comtelford,en
8143,hornets,en
8144,sti,en
8146,tumlog,en
8147,jet,en
8148,airways,hi
8150,baithte,hi
8152,kyon,hi
8156,bring,en
8157,kingfisherairlines,en
8158,thevijaymallya,en
8159,hafizsaeedjud,hi
8160,miya,hi
8161,thodi,hi
8162,bakar,hi
8163,baloch,hi
8164,terrorism,en
8173,delhipolice,en
8174,roit,en
8175,control,en
8176,vehicle,en
8179,raisingday,en
8180,parade,hi
8184,rain,en
8185,thats,en
8186,crying,en
8189,said,en
8195,your,en
8196,questions,en
8200,hashtag,hi
8201,get,en
8202,answers,en
8204,min,en
8206,sureshpprabh,hi
8208,challakutty,en
8209,eyes,en
8213,sharif,hi
8214,miyan,hi
8215,kaise,hi
8219,zinda,hi
8220,hoon,hi
8222,dekhne,hi
8230,katha,hi
8231,aevam,hi
8232,vidhi,hi
8233,nowplaying,en
8237,savari,hi
8238,jaimin,en
8239,soni,en
8240,ok,en
8241,feeelings,en
8250,mainbhiengineer,hi
8253,milkar,hi
8254,attention,en
8255,pane,hi
8260,troll,en
8270,transaction,en
8274,derasachasauda,hi
8278,krke,hi
8279,aay,hi
8282,jiv,en
8283,aashirvad,en
8289,jay,hi
8292,ble,hi
8293,msgmission,en
8296,juti,hi
8297,thle,hi
8298,mrbollywoodsk,en
8299,iamrangil,en
8302,lene,hi
8310,dia,hi
8312,fair,en
8314,sharing,en
8315,dhamaar,hi
8317,raag,hi
8318,adana,hi
8322,ustad,en
8323,wasifuddin,en
8324,dagar,hi
8326,astrologer,en
8327,sivalpuri,en
8328,thanthi,hi
8329,tv,en
8330,tamiltwin,en
8331,obnoxiousravan,en
8332,wahi,hi
8333,chall,hi
8336,brother,en
8340,cheapest,en
8345,hike,en
8347,ibnlive,en
8351,witness,en
8352,iron,en
8353,fist,en
8355,pokhran,en
8358,thar,hi
8359,desert,en
8361,rashtrapati,en
8363,rashtrapatibhvn,en
8365,sagarikaghose,hi
8366,guffaw,en
8373,laugh,en
8375,anyone,en
8377,saffron,en
8378,zone,en
8382,deshobhaa,hi
8386,g,en
8389,fashion,en
8394,automobile,en
8396,interior,en
8398,exterior,en
8399,decorator,en
8401,landscape,en
8402,designer,en
8403,superherobrr,en
8405,ganganpatey,en
8413,us,en
8416,done,en
8417,mohamed,en
8418,shami,hi
8422,ziada,hi
8423,ignore,en
8425,sakti,hi
8426,hun,hi
8430,mojood,en
8434,shak,hi
8435,hjaega,hi
8437,sanskrit,en
8438,word,en
8439,comes,en
8442,rudram,en
8444,taittiriya,hi
8445,samhita,hi
8450,pitaji,hi
8457,need,en
8458,blessingsofmsg,en
8462,tamam,hi
8463,brothery,en
8467,lkh,hi
8472,rahulroushan,en
8473,cnnnews,en
8476,strt,en
8477,kijiye,hi
8481,sarkar,hi
8484,manisha,hi
8486,aapke,hi
8487,zivan,hi
8491,khusiya,hi
8495,usne,hi
8502,apply,en
8513,bloodvampire,en
8515,insanhoney,en
8516,bdayofmsgwithmsg,en
8519,pass,hi
8520,rkh,hi
8523,suna,hi
8525,bin,hi
8526,mange,en
8527,wish,en
8529,krty,hi
8533,stupendousaf,en
8536,umar,hi
8539,trust,en
8540,issues,en
8543,anuskha,hi
8546,lucky,en
8550,high,en
8551,court,en
8552,grants,en
8558,profit,en
8559,booking,en
8561,titagarh,en
8562,wagons,en
8563,texmaco,en
8565,gateway,en
8566,distriparks,en
8567,stone,en
8569,nirman,en
8571,revelation,en
8572,drama,en
8573,amid,en
8575,colors,en
8576,sasural,hi
8577,simar,hi
8579,sskoncolors,en
8585,sath,hi
8586,thoda,hi
8587,zayada,hi
8588,wishing,en
8592,nath,hi
8594,badhaiya,hi
8598,chakka,hi
8601,allah,en
8602,pura,hi
8605,chakkon,hi
8608,kitne,hi
8609,chakke,hi
8610,chahiyen,hi
8611,bhaisahab,hi
8616,express,en
8618,emotions,en
8622,criticize,en
8623,donttagmeabhakt,hi
8625,poetry,en
8629,khair,hi
8631,somnathbharti,hi
8635,forget,en
8639,tips,en
8646,reason,en
8648,reach,en
8650,semi,en
8652,nishiddho,hi
8653,premer,en
8654,golpo,en
8661,tareef,hi
8663,apko,hi
8666,deta,hi
8667,let,en
8674,expert,en
8675,dont,en
8676,sound,en
8677,pompous,en
8679,bwoyblunder,en
8681,views,en
8682,counting,en
8687,caght,en
8688,offguard,en
8690,antinational,en
8692,wow,en
8695,lovely,en
8696,selfie,en
8699,sooooo,en
8701,pls,en
8706,msgs,en
8707,max,en
8708,logon,hi
8710,pahunche,hi
8712,jcdhar,hi
8715,trah,hi
8718,feb,en
8719,subh,hi
8721,sham,hi
8722,bje,hi
8724,shamshan,hi
8725,bhumimasanyme,hi
8726,mnai,hi
8727,jaegi,hi
8728,bair,hi
8729,drshn,en
8730,dy,en
8733,ashta,hi
8740,shuruvat,en
8742,hardik,hi
8743,shubhkamnayein,hi
8746,status,en
8751,mahima,hi
8752,aprampar,hi
8756,sabka,hi
8757,uddhar,hi
8763,vijivenkatesh,en
8766,chaiforcancer,en
8769,unique,en
8770,fundraising,en
8772,awareness,en
8773,tool,en
8774,visit,en
8776,donate,en
8778,adat,hi
8779,c,en
8783,dafa,hi
8784,haarne,hi
8786,whataaay,hi
8787,ball,hi
8788,whataaaay,hi
8790,shot,en
8792,whataaaaay,hi
8794,y,en
8796,women,en
8798,marry,en
8802,men,en
8804,itsssr,en
8811,semifinal,en
8813,gae,hi
8823,royal,en
8824,chronology,en
8828,total,en
8830,kings,en
8831,ruled,en
8835,history,en
8838,mechanism,en
8840,making,en
8841,regulations,en
8842,setting,en
8843,performance,en
8844,standards,en
8846,tariffs,en
8849,setup,en
8852,tat,hi
8853,purushaya,hi
8854,rudra,hi
8855,prachodayat,hi
8856,stay,en
8857,blessed,en
8861,christians,en
8864,general,en
8865,rath,en
8868,shikher,en
8870,played,en
8873,gabbar,hi
8875,thokho,hi
8878,jalandar,hi
8880,bhulo,hi
8886,ansh,hi
8890,vikalp,hi
8894,dialogue,en
8895,devonkedevmahadev,en
8896,chachi,hi
8898,delete,en
8899,krengi,hi
8901,previous,en
8903,ache,hi
8904,fast,en
8905,ballers,en
8909,akalmand,en
8910,politicians,en
8911,chahie,hi
8913,mamu,en
8915,ticket,en
8916,rest,en
8917,chennai,hi
8918,expressle,en
8919,poren,en
8920,imveedee,en
8921,beinghumor,en
8922,montukr,en
8923,officeofrg,en
8924,ase,hi
8930,nowlistening,en
8932,si,hi
8938,zara,hi
8942,bna,hi
8944,scene,en
8947,thai,hi
8948,wat,en
8949,phra,hi
8950,kaew,hi
8953,rarehistorical,en
8957,chakwal,hi
8958,chaukhamba,hi
8960,kedar,en
8961,peaks,en
8964,garhwal,hi
8965,himalaya,hi
8967,seen,en
8973,bedini,en
8976,yeaaaahhhh,hi
8978,aagye,hi
8979,msgmissionhumanity,en
8980,tussi,hi
8981,bade,hi
8982,majakiya,hi
8987,servant,en
8988,saab,hi
8989,africa,en
8992,shakira,hi
8993,swami,hi
8995,mila,hi
9000,waka,en
9005,living,en
9009,literally,en
9010,club,en
9011,poovar,en
9012,adi,hi
9014,shatakam,hi
9015,south,en
9018,style,en
9019,type,en
9020,ishwar,hi
9023,satya,hi
9029,sundar,hi
9034,car,en
9036,nae,hi
9037,chala,hi
9040,anwernaqvi,en
9046,ayse,hi
9048,krain,hi
9051,sarcusstic,en
9053,shubkaamnayien,hi
9054,upar,hi
9057,niche,hi
9059,prabhu,hi
9061,budi,hi
9064,wapasi,hi
9066,atal,hi
9067,pension,en
9069,launched,en
9070,aimed,en
9076,retweet,en
9082,sunilddesai,hi
9085,california,en
9087,york,en
9092,darwaja,hi
9095,lal,hi
9096,adideva,en
9097,adiguru,en
9098,aja,hi
9099,anagha,hi
9100,ashutosh,en
9101,bholenath,hi
9103,bow,en
9105,thee,en
9107,maheshwara,hi
9109,swadhashankar,hi
9111,amrit,en
9116,lehte,hi
9120,vish,hi
9121,pite,hi
9123,unhe,hi
9124,devo,hi
9127,kehte,hi
9131,jokes,en
9133,krishna,hi
9138,comedynightslive,en
9144,dariyaa,hi
9145,kaa,hi
9146,saahil,hi
9148,poore,en
9149,chaand,hi
9151,raat,hi
9154,tum,hi
9155,aao,hi
9156,kabhi,hi
9157,yun,hi
9161,pariyon,hi
9164,ashetty,en
9165,looking,en
9166,forward,en
9168,swamyinrs,en
9170,agustawestland,en
9171,michel,en
9172,haschke,hi
9173,family,en
9174,ties,en
9176,sagarcasm,en
9177,sardesai,hi
9178,quitting,en
9182,shahid,en
9183,afridi,en
9184,retiring,en
9191,gonna,en
9192,come,en
9193,back,en
9197,shubhkamnaye,hi
9201,home,en
9212,challenging,en
9220,godd,en
9223,superbudget,en
9224,jan,hi
9226,yojana,hi
9227,accident,en
9228,cover,en
9230,upto,en
9231,update,en
9232,names,en
9238,killed,en
9241,know,en
9243,celebrate,en
9244,karte,hi
9249,god,en
9253,parvati,hi
9258,irony,en
9263,journalists,en
9265,hate,en
9270,dekho,hi
9271,peace,en
9273,bestfakejournalists,en
9276,tragedy,en
9281,agle,hi
9282,sal,hi
9285,lekin,hi
9287,congratts,en
9293,assighat,hi
9297,aagya,hi
9298,dekhte,hi
9301,kab,hi
9302,ayega,hi
9304,ieds,en
9306,different,en
9307,locations,en
9309,qilareplacesadar,hi
9311,goth,en
9313,sui,hi
9314,successfully,en
9315,diffused,en
9318,ex,hi
9323,sala,hi
9324,manhus,hi
9329,aayi,hi
9338,jaap,hi
9339,karenge,hi
9340,kaamna,hi
9341,samridhi,hi
9344,check,en
9347,piece,en
9349,captain,en
9350,iceman,en
9351,dhoni,hi
9353,superhero,en
9358,khaa,hi
9359,jaaegi,hi
9361,leads,en
9362,opposition,en
9366,allow,en
9369,dhawan,hi
9375,mano,hi
9376,raza,hi
9378,life,en
9380,mil,hi
9381,ggyii,hi
9382,sms,en
9387,bapuji,hi
9389,swasthya,en
9390,karod,hi
9391,mahamrityunjay,en
9392,mantr,en
9394,rajdeepsagarika,hi
9396,ready,en
9398,tweet,en
9399,lost,en
9401,rss,en
9402,headquarters,en
9404,hajirjawab,hi
9406,dholakpur,hi
9407,chhota,hi
9408,bheem,hi
9410,train,en
9411,announce,en
9415,wajeh,hi
9421,disappointed,en
9422,decl,en
9425,wali,hi
9427,sach,hi
9430,anthr,en
9432,job,en
9433,farad,en
9435,mahiwal,hi
9438,thekiranbedi,en
9440,genvksingh,en
9444,bill,en
9448,khayyam,hi
9451,la,hi
9458,mps,en
9463,hul,en
9464,shares,en
9465,edge,en
9466,higher,en
9469,analysts,en
9470,cautious,en
9471,unilever,en
9472,ltd,en
9473,which,en
9474,beat,en
9475,profi,en
9479,here,en
9481,some,en
9484,popular,en
9485,dialogues,en
9489,must,en
9492,washington,en
9495,delhis,en
9496,mohalla,hi
9497,clinics,en
9499,leaders,en
9500,behti,hi
9501,hawa,hi
9504,woh,hi
9507,ussey,hi
9509,coolfunnytshirt,en
9511,daant,hi
9512,tod,hi
9522,maanga,hi
9528,busy,en
9529,holding,en
9530,rallies,en
9532,doctors,en
9533,nurses,en
9534,teachers,en
9535,join,en
9536,mcd,en
9542,evidence,en
9544,saving,en
9547,thankyou,en
9554,dssfoundationday,en
9556,odishareporter,en
9559,bhubaneswar,hi
9560,under,en
9561,cctv,en
9562,camera,en
9563,surveillance,en
9566,noorinsan,en
9568,amazing,en
9569,papa,en
9571,msgincronthday,en
9572,oye,hi
9575,garoor,hi
9581,satpalpandey,en
9586,speciality,en
9587,hospital,en
9589,early,en
9590,diagnosis,en
9592,diseases,en
9594,ultra,en
9595,modern,en
9596,machines,en
9598,class,en
9599,sadafawanvk,hi
9603,lyftime,en
9604,chalega,hi
9607,kavi,hi
9609,alag,hi
9616,shanti,hi
9618,beth,hi
9620,majra,hi
9623,chaiye,hi
9627,kapoor,hi
9629,getting,en
9631,hot,en
9633,handle,en
9636,poster,en
9638,aditya,en
9639,befikre,en
9640,ra,hi
9643,take,hi
9644,care,hi
9646,timesnow,en
9649,tarika,hi
9651,badal,hi
9653,tau,hi
9654,kikusharda,hi
9661,waglenikhil,en
9662,wants,en
9663,development,en
9667,masjid,en
9668,people,en
9669,did,en
9673,hindutva,en
9674,agenda,en
9677,recollect,en
9679,imshonaaa,hi
9680,abi,hi
9682,plan,hi
9684,next,en
9685,sona,hi
9689,funny,en
9690,tweets,en
9691,krna,hi
9693,thanks,en
9696,adarsh,en
9697,gram,en
9698,jayapur,hi
9699,transformed,en
9702,ideal,en
9703,village,en
9709,aradi,hi
9712,jaat,hi
9713,sabhe,hi
9715,pahchanvo,hi
9716,lull,en
9718,desh,hi
9720,yuva,hi
9721,yahan,hi
9724,gandhi,hi
9725,kahan,hi
9730,nayagarh,hi
9732,yesterday,en
9733,memory,en
9735,manekchawk,en
9738,bjym,en
9739,sunabesha,hi
9740,aka,hi
9741,golden,en
9742,attire,en
9745,occasion,en
9747,festival,en
9749,aapnajafgarh,hi
9755,bardasht,hi
9758,issi,hi
9761,haath,hi
9762,pair,en
9767,bro,en
9768,tomorrow,en
9769,saale,hi
9772,aapinnews,en
9774,ddca,en
9775,lowered,en
9778,bottles,en
9779,broke,en
9780,liquor,en
9781,supplied,en
9783,police,en
9784,gate,hi
9787,warna,hi
9796,aieee,hi
9798,ghusne,hi
9799,mat,hi
9803,drkumarvishwas,en
9805,dilipkpandey,en
9806,receive,en
9808,heartwarming,en
9809,welcome,en
9811,roorke,en
9812,volu,en
9817,stage,en
9818,hopeofpunjabkejriwal,en
9823,kam,hi
9826,taraf,hi
9829,bomb,en
9833,fenk,hi
9834,dena,hi
9836,itnisi,hi
9840,we,en
9841,protest,en
9843,dhoodtey,hi
9845,jaogey,hi
9846,rocks,en
9849,planet,en
9850,magazine,en
9855,tinsel,en
9856,town,en
9860,lonely,en
9862,mauka,hi
9864,chance,en
9866,mara,hi
9867,chauka,hi
9868,well,en
9869,bat,en
9870,indiancricketteam,en
9874,hometown,en
9875,udaipur,en
9876,visiting,en
9877,eklingnathjiking,en
9879,mewar,en
9881,dewanprimeministerrana,en
9884,eklingnathji,hi
9885,iplauction,en
9887,awardwinningexcuses,en
9888,ireland,en
9898,celebrated,en
9904,satnam,hi
9906,dham,hi
9908,temper,en
9909,spl,en
9910,mid,en
9912,shows,en
9914,moosapet,en
9915,am,en
9917,both,en
9924,salutations,en
9926,maharudh,hi
9927,devon,en
9929,dev,hi
9936,coverage,en
9937,pradesh,en
9938,becomes,en
9940,state,en
9942,achieve,en
9943,interlinking,en
9945,rivers,en
9947,economictimes,en
9948,capital,en
9949,punishment,en
9951,shooting,en
9956,awarded,en
9958,law,en
9960,send,en
9963,kyabiharmeinsarkaarhai,hi
9966,alaah,hi
9971,resignation,en
9976,hey,en
9977,malik,en
9979,bhar,hi
9981,mujhse,hi
9984,karam,hi
9988,apki,hi
9989,najar,hi
9991,gunah,hi
9993,veteran,en
9994,sheikh,hi
9995,dies,en
9996,rssquestionsteresa,en
9999,msgrevolution,en
10001,sreesijin,en
10002,khun,hi
10003,chus,hi
10008,cronycapitalism,en
10013,tender,en
10015,apology,en
10017,remarks,en
10019,degrees,en
10021,chahte,hi
10023,umange,en
10024,mann,en
10028,khuwab,hi
10031,nayi,hi
10037,rakho,hi
10038,andaaz,hi
10039,ese,hi
10040,jine,hi
10043,aapdelhifeeds,en
10044,najafgarh,hi
10045,kailash,hi
10046,gahlot,en
10047,inspects,en
10048,water,en
10049,pipeline,en
10050,being,en
10051,laid,en
10056,dil,hi
10058,aawara,hi
10060,jane,hi
10066,recvd,en
10068,whatsapp,hi
10070,ishq,hi
10077,jo,hi
10078,maza,hi
10084,nine,en
10086,thrust,en
10087,areas,en
10090,presented,en
10094,rejects,en
10096,petition,en
10100,rebel,en
10101,cong,en
10104,mlas,en
10108,tomorrows,en
10109,floor,en
10110,test,en
10112,indiantweeter,en
10113,uma,en
10114,bharti,hi
10117,deh,hi
10119,eh,hi
10121,moheihai,hi
10122,shubh,hi
10123,karman,hi
10125,kabhu,hi
10127,taroo,hi
10129,daroo,hi
10130,ar,hi
10131,siyoo,hi
10133,confirmed,en
10134,starting,en
10135,xi,en
10137,face,en
10138,mignolet,en
10139,clyne,en
10140,lovren,en
10141,sakho,hi
10142,moreno,en
10144,milner,en
10145,coutinho,en
10146,firmino,en
10147,origi,en
10149,imlesliechow,en
10150,girlfriend,en
10154,rare,en
10155,pokemon,en
10159,launches,en
10161,wifi,en
10163,receives,en
10164,signals,en
10165,tiwarisd,en
10166,diggi,hi
10167,chacha,hi
10168,plz,en
10169,clarify,en
10170,education,en
10172,madamji,en
10178,partys,en
10179,reputation,en
10181,stake,en
10182,retweeted,en
10184,superb,en
10186,kahin,hi
10187,uper,en
10188,msgdedicatesawardtoguruji,en
10190,congratulations,en
10193,wooow,en
10194,msgdedicatesawardtoallfans,en
10196,galatfehmi,en
10197,nahaya,hi
10198,karo,hi
10200,soap,en
10210,ur,en
10211,dp,en
10213,iq,en
10214,low,en
10218,bhaibhai,hi
10221,chhod,hi
10222,diya,hi
10228,raaiyta,hi
10229,failane,en
10231,kiskidilli,en
10234,harayenge,hi
10235,kyunki,hi
10236,aadat,hi
10244,lakh,hi
10245,crore,en
10246,badhai,hi
10249,hame,hi
10250,apni,hi
10251,sharan,hi
10254,rakhna,hi
10255,still,en
10256,keeping,en
10257,myself,en
10258,away,en
10260,urban,en
10262,stuff,en
10263,walon,hi
10265,gussa,hi
10272,saamne,hi
10274,gauti,en
10275,proving,en
10277,again,en
10280,paar,hi
10281,karega,hi
10285,initiated,en
10288,works,en
10291,auspicious,en
10294,foundation,en
10297,ultimate,en
10298,symbol,en
10302,valentine,en
10304,silent,en
10305,message,en
10310,guys,en
10311,akhilesh,hi
10312,tripathi,en
10313,intolerance,en
10314,themusiclegends,en
10316,kishoreda,en
10317,lataji,hi
10327,collection,en
10329,rentrak,en
10333,hoo,hi
10340,cup,en
10341,dilwa,hi
10343,what,en
10347,bleedblue,en
10348,shivsena,hi
10350,aisi,hi
10351,harkate,hi
10354,deyti,hi
10357,celebnovels,en
10360,boat,en
10364,kalijai,hi
10365,kalijaitemple,hi
10366,chilikalake,hi
10369,youve,en
10370,enjoyed,en
10371,sabudana,hi
10372,khichdi,hi
10375,lena,hi
10376,kangna,hi
10379,jayegi,hi
10381,khatam,hi
10382,hone,hi
10383,tak,hi
10384,irresistible,en
10387,shiva,en
10390,sri,hi
10391,president,en
10392,maithripala,en
10393,sirisena,en
10394,offers,en
10395,prayers,en
10400,beingsalmankhan,en
10405,sultani,hi
10406,arfa,hi
10407,sultanthemovie,en
10408,hopefully,en
10410,time,en
10413,discuss,en
10415,lumding,en
10416,broad,en
10417,gauge,en
10424,morarji,en
10426,arrest,en
10428,till,en
10429,theres,en
10430,irrefutable,en
10431,proof,en
10432,foster,en
10433,son,en
10438,seeks,en
10441,army,en
10442,chief,en
10443,over,en
10444,seminude,en
10445,exam,en
10447,keralites,en
10449,actually,en
10453,modis,en
10456,turn,en
10457,into,en
10458,another,en
10460,timesofindia,en
10461,asaduddin,hi
10462,owaisi,hi
10465,star,en
10467,muslim,en
10469,thinkerspad,en
10470,navbharattimes,en
10471,arre,hi
10472,rawat,hi
10473,sahab,hi
10481,sikhaya,hi
10486,formula,en
10491,vastradi,en
10492,arpan,en
10495,uttarkhand,en
10497,ajaydevgn,hi
10502,parv,hi
10506,baare,hi
10509,bataye,hi
10510,eska,hi
10513,pyaaz,hi
10515,naam,hi
10517,decent,en
10518,sa,hi
10519,rakh,hi
10521,ghatiya,hi
10522,insaan,hi
10524,theintlherald,en
10525,approx,en
10527,injured,en
10529,tear,en
10530,gas,en
10532,lathi,en
10535,non,en
10536,kashmiri,hi
10537,students,en
10539,nit,hi
10540,srinagar,hi
10541,chumma,hi
10542,chahye,hi
10544,promise,en
10545,mai,hi
10546,wapis,hi
10547,kardunga,hi
10549,somegoanguy,en
10551,gujarat,en
10552,jersey,en
10553,colours,en
10554,have,en
10555,been,en
10556,inspired,en
10558,jethalal,hi
10559,gada,hi
10561,sure,en
10562,abhi,hi
10563,aayega,hi
10564,rukiye,hi
10567,yrkkh,hi
10568,devyani,hi
10570,tense,en
10571,becoz,en
10572,alok,en
10574,r,en
10575,cuming,en
10576,sbs,en
10577,seg,en
10578,nakshaliya,hi
10581,behaving,en
10584,engineering,en
10585,student,en
10589,dhaam,hi
10592,chutti,hi
10595,spectacular,en
10596,site,en
10598,behold,en
10599,raj,hi
10600,rajeshvar,hi
10602,location,en
10605,pta,hi
10607,per,hi
10608,famous,en
10609,bht,hi
10615,nutshell,en
10616,rucsb,en
10622,poet,en
10625,former,en
10626,atalji,hi
10627,often,en
10628,recited,en
10629,these,en
10632,ntvteluguhd,en
10633,super,en
10634,comedy,en
10635,speech,en
10636,savitri,en
10638,audio,en
10639,varunliciouss,en
10641,saara,hi
10643,bas,hi
10645,chinti,hi
10646,jitna,hi
10649,aninews,en
10653,allotted,en
10656,amenities,en
10660,before,en
10664,fans,en
10667,match,en
10668,https,en
10669,shivaya,hi
10670,dhun,hi
10673,sharethis,en
10675,merryxmas,en
10676,from,en
10677,teamshivaay,en
10678,santa,en
10685,baba,hi
10687,akshaykumar,hi
10689,mrsfunnybones,en
10690,mam,en
10694,gauri,hi
10695,ganesh,en
10697,anya,hi
10698,devi,hi
10699,devta,hi
10701,naashta,hi
10702,lahore,hi
10704,lunch,en
10705,karachi,hi
10707,dinner,en
10711,kejri,hi
10712,dewaana,hi
10714,ram,hi
10715,bhool,hi
10717,bheja,hi
10719,degreedialogues,en
10720,altruisticpooja,en
10722,mey,hi
10725,bus,hi
10726,abki,hi
10728,pey,hi
10731,bula,hi
10734,jaye,hi
10735,kashi,hi
10737,isnan,hi
10742,jayega,hi
10745,bhole,hi
10747,drshobha,hi
10748,dixit,en
10751,screening,en
10756,see,en
10757,video,en
10759,shahrukhkhan,hi
10761,han,hi
10762,yahi,hi
10763,maine,hi
10765,socha,hi
10766,tha,hi
10767,baaki,hi
10769,kid,en
10770,zid,hi
10775,baby,en
10777,jagah,hi
10779,khila,hi
10780,denge,hi
10781,kaalipeelis,hi
10782,uber,en
10783,adapt,en
10785,weddings,en
10786,temple,en
10789,bam,hi
10791,dhyan,en
10792,daamad,hi
10796,pitch,en
10797,thejunglebook,en
10800,better,en
10805,esp,en
10807,listen,en
10809,nana,hi
10810,patekar,hi
10812,shere,hi
10816,om,en
10817,puri,hi
10818,were,en
10822,rehnedo,hi
10824,dedo,hi
10825,abeeeee,hi
10826,bhaaag,hi
10827,mohe,hi
10828,rang,hi
10829,dho,hi
10830,laal,hi
10831,charming,en
10834,tyagi,en
10835,itwingdss,en
10837,msghonortohumanity,en
10840,bichado,hi
10841,huo,hi
10843,milwata,hi
10850,gali,hi
10854,jaise,hi
10855,unho,hi
10858,etne,hi
10859,salo,hi
10865,jaisa,hi
10868,ajinkya,hi
10870,bahut,hi
10871,slow,en
10877,zameen,hi
10879,dikhe,hi
10881,behtar,hi
10883,files,en
10885,govt,en
10886,offices,en
10888,dhool,hi
10890,khaati,hi
10905,catch,en
10911,twitter,en
10912,worldwide,en
10913,common,en
10918,zao,hi
10919,tumhe,hi
10920,mulko,hi
10923,dhoondh,hi
10926,leopard,en
10927,semubhatt,en
10928,crisp,en
10929,aalu,hi
10930,bhajiareplacevada,hi
10931,paav,hi
10932,roshan,hi
10933,akthar,hi
10935,etoro,en
10936,openbook,en
10943,unable,hi
10945,understand,en
10949,soch,hi
10951,rhe,hi
10955,presents,en
10960,hyperhegde,en
10961,cant,en
10962,comment,en
10968,hello,en
10970,bachelor,hi
10973,master,en
10976,kejriwalsaysorry,en
10977,there,en
10987,ncr,en
10989,roads,en
10993,jana,hi
10995,haal,hi
10997,her,en
10998,dogi,en
10999,image,en
11000,courtesy,en
11002,blockbustermsg,en
11004,parties,en
11007,seekhe,hi
11009,bhashan,hi
11012,dusre,hi
11014,nishana,hi
11015,saadhne,hi
11017,alawa,hi
11020,kahde,hi
11022,baat,hi
11023,ban,hi
11024,jaayegi,hi
11026,music,en
11027,director,en
11028,debajyoti,hi
11029,has,en
11030,hurled,en
11031,plagiarism,en
11037,copying,en
11040,piya,hi
11041,tora,hi
11045,nepalese,en
11046,ambassador,en
11047,stays,en
11048,put,en
11050,delhi,en
11051,despite,en
11054,recall,en
11057,drivers,en
11059,execute,en
11060,strategy,en
11063,sureshprabhu,en
11065,how,en
11066,many,en
11069,doing,en
11071,hara,hi
11072,dear,en
11076,azadi,hi
11078,de,hi
11079,tujhe,hi
11081,chutzpa,hi
11083,karna,hi
11086,bina,hi
11090,lega,hi
11093,called,en
11094,chetan,hi
11095,bhakt,hi
11100,imvkohli,en
11102,gautamgambhir,hi
11105,gambhir,en
11106,won,en
11108,yusuf,en
11109,bhai,hi
11110,whatta,hi
11111,comeback,en
11113,awais,hi
11114,dm,hi
11116,line,hi
11117,mar,hi
11120,bande,hi
11121,da,hi
11122,puttar,hi
11125,incrse,en
11127,pasengr,en
11128,fare,en
11130,funds,en
11131,fr,en
11132,passenger,en
11133,ammenities,en
11134,zahenaseeb,hi
11135,ggiittiikkaa,hi
11136,drgpradhan,en
11137,exsecular,en
11142,teri,hi
11143,behen,hi
11144,jaisi,hi
11147,shaheed,hi
11149,gayi,hi
11150,cries,en
11152,bhootsays,hi
11153,final,en
11155,kaalay,hi
11156,shadeed,en
11157,goray,en
11158,engvwi,en
11160,thank,en
11162,rohit,en
11167,release,en
11168,hoti,hi
11172,record,en
11173,bante,hi
11175,schotepur,en
11178,ask,en
11179,cbi,en
11181,make,en
11185,aamaadmiparty,en
11187,exroomie,en
11188,whenever,en
11190,chk,en
11191,him,en
11193,phone,en
11196,remember,en
11197,yes,en
11198,when,en
11201,year,en
11202,old,en
11205,took,en
11208,watch,en
11209,sanam,hi
11210,bewafa,hi
11217,cinema,en
11218,hall,en
11223,literarybadass,en
11224,arvind,en
11228,vidya,en
11230,kahaani,hi
11233,pregnant,en
11234,never,en
11235,delivers,en
11237,swamy,en
11239,construction,en
11240,real,en
11241,est,en
11242,infra,en
11244,totally,en
11245,collapsed,en
11247,dieing,en
11248,going,en
11249,bankrupt,en
11250,pilin,en
11251,zindagi,hi
11252,chinese,hi
11255,tarah,hi
11257,gai,hi
11258,hay,hi
11259,dekh,hi
11263,samjh,hi
11267,after,en
11268,produce,en
11270,mnet,en
11272,launch,en
11273,boy,en
11274,band,en
11275,survival,en
11277,korea,en
11278,times,en
11281,australia,hi
11282,dekhegi,hi
11284,tevar,hi
11285,jab,hi
11286,unko,hi
11287,dhoyenge,hi
11288,anushka,hi
11290,devar,hi
11292,if,en
11293,youre,en
11294,waiting,en
11296,mahesh,hi
11299,romance,en
11300,aliah,hi
11303,murugadoss,en
11304,latest,en
11305,telugu,en
11307,news,en
11308,updates,en
11311,humse,hi
11313,sycophant,en
11318,mata,hi
11319,tumse,hi
11320,badhkar,hi
11321,kaun,hi
11323,bhogleharsha,hi
11324,ipl,en
11326,cpl,en
11327,chutya,en
11328,premier,en
11329,league,en
11330,saturday,en
11332,live,en
11333,recap,en
11334,brie,en
11335,larson,en
11336,hosts,en
11338,show,en
11340,sweet,en
11341,than,en
11342,salty,en
11343,joint,en
11344,ventures,en
11345,with,en
11346,major,en
11347,public,en
11348,sector,en
11349,companies,en
11351,meeting,en
11352,requirements,en
11355,lines,en
11357,beats,en
11360,price,en
11362,petrol,en
11363,diesel,en
11364,hiked,en
11366,haralo,hi
11367,uae,hi
11371,dher,hi
11372,saari,hi
11373,subhkamnae,hi
11375,english,en
11377,mahashivratri,en
11382,shankar,hi
11383,insafianthelosers,en
11386,moral,en
11387,victories,en
11389,patwaris,en
11391,similarity,en
11392,between,en
11393,kamaalrkhan,hi
11395,bhosdike,hi
11396,dono,hi
11397,wapas,hi
11401,kisi,hi
11403,khusi,hi
11405,hui,hi
11407,wtf,en
11408,retired,en
11409,admiral,en
11410,says,en
11412,unsayable,hi
11414,arnubvsfreespeech,en
11420,drmsgs,en
11421,dance,en
11422,move,en
11425,charger,en
11427,version,en
11430,gurukul,en
11431,during,en
11432,marramay,en
11433,muqaddar,hi
11437,maula,hi
11439,bollywoodh,en
11440,shahrukh,hi
11444,sidharth,en
11445,malhotra,en
11446,others,en
11448,karan,hi
11453,httweets,en
11454,militant,en
11455,groups,en
11456,role,en
11458,pathankotattack,en
11459,decoded,en
11460,reports,en
11464,kaisi,hi
11467,mast,en
11469,bata,hi
11471,hmm,en
11472,tu,hi
11473,paragon,en
11474,i,en
11475,just,en
11476,realised,en
11480,pandit,hi
11482,hilltop,en
11483,mandir,hi
11484,khula,hi
11490,mustwatchmsg,en
11491,piti,hi
11492,bhut,hi
11494,acting,en
11496,apji,hi
11499,m,en
11501,mazaa,hi
11503,aa,hi
11504,gya,hi
11505,sacheee,hi
11506,love,en
11508,firstpostin,en
11509,shobha,hi
11510,knows,en
11515,had,en
11516,wings,en
11518,fire,en
11521,ignited,en
11523,billion,en
11524,minds,en
11526,lives,en
11530,zillion,en
11531,hearts,en
11535,jodi,hi
11539,enjoy,en
11541,title,en
11542,track,en
11545,sballtimehits,en
11550,implement,en
11551,karne,hi
11552,waale,hi
11555,st,en
11556,april,en
11557,fool,en
11558,day,en
11559,announcement,en
11561,kosis,hi
11563,rifatjawaid,en
11567,are,en
11568,supporting,en
11570,hounding,en
11571,an,en
11572,tarekfatah,hi
11575,veiws,en
11576,bravo,en
11578,liberal,en
11580,illegal,en
11581,sand,en
11582,mining,en
11584,unabated,en
11586,sardar,hi
11587,sarovar,hi
11588,project,en
11590,green,en
11591,panel,en
11592,rues,en
11595,review,en
11597,work,en
11600,weakest,en
11601,hindi,en
11602,film,en
11604,date,en
11605,maiden,en
11606,apolitical,en
11607,practical,en
11609,visionary,en
11613,aspirational,en
11614,find,en
11615,key,hi
11616,midwestmoviesus,en
11617,lo,hi
11618,avg,en
11619,os,en
11620,hit,en
11623,jantakareporter,en
11624,while,en
11625,jury,en
11629,achche,hi
11630,din,hi
11632,say,en
11635,read,en
11637,online,en
11639,satpal,en
11640,paliya,en
11641,starring,en
11642,irrfan,en
11645,sen,en
11647,movie,en
11649,based,en
11652,controversial,en
11653,aarushi,hi
11654,talwar,hi
11655,rajnigandhasixwordsstory,en
11656,lalko,hi
11658,galti,hi
11659,hou,hi
11660,jati,hi
11662,littlejudgyeyes,en
11663,yar,hi
11667,vodafone,en
11669,issue,en
11671,mitsubishi,en
11672,should,en
11673,rename,en
11674,itself,en
11676,chaarsobisi,hi
11677,first,en
11678,win,en
11679,give,en
11682,hosala,hi
11683,too,hi
11684,lahories,hi
11685,khabergaramhai,hi
11688,yhi,hi
11689,bolta,hi
11690,hyn,en
11691,end,en
11695,sw,hi
11697,awaz,hi
11698,ati,hi
11700,hamein,hi
11701,tmse,hi
11702,pyar,hi
11705,humesha,hi
11707,rahega,hi
11708,congress,en
11711,party,en
11713,terrorist,en
11716,digvijay,en
11717,tiwari,hi
11719,pappu,en
11720,di,hi
11722,historyofnehrudynasty,en
11723,cricketworldcup,en
11724,kal,hi
11725,chillana,hi
11726,zarur,hi
11731,pak,hi
11733,murhiyaan,hi
11734,b,hi
11735,karti,hi
11738,main,hi
11741,himalay,hi
11743,hei,hi
11745,think,en
11748,cheeni,hi
11749,kum,hi
11750,sweetheart,en
11752,parents,en
11754,boriya,hi
11755,bistar,hi
11756,sambhalo,hi
11759,jao,hi
11760,ghar,hi
11762,she,en
11764,overconfidence,en
11766,manna,hi
11767,padega,hi
11768,rofl,en
11769,wewontgiveitback,en
11770,fun,en
11773,collage,en
11774,picsart,en
11775,beach,en
11776,raivipul,en
11777,singhlicious,en
11778,sahi,hi
11783,kaale,hi
11788,dilwale,hi
11790,boulevard,en
11791,downtown,en
11792,zra,hi
11795,puchiye,hi
11796,pichle,hi
11797,mnths,en
11799,amethi,hi
11801,ky,hi
11805,jawab,hi
11806,dene,hi
11807,k,hi
11808,mamle,hi
11810,aye,hi
11811,usase,hi
11813,mla,hi
11816,akhtar,hi
11819,begaani,hi
11822,abbdulha,hi
11823,diwana,hi
11824,kejriwal,en
11826,alleging,en
11828,sonia,en
11830,working,en
11831,together,en
11833,s,en
11834,uttle,en
11835,agustascam,en
11836,wishes,en
11839,bohot,hi
11840,khush,hi
11841,hogi,hi
11842,soniya,hi
11845,finally,en
11846,trending,en
11848,der,hi
11850,but,en
11851,durust,en
11852,aae,hi
11853,rahulonleave,en
11854,whereisrahul,en
11855,may,en
11857,lord,en
11858,bless,en
11859,all,en
11860,subbulakshmiadi,hi
11861,shankaracharya,hi
11862,via,en
11863,youtube,en
11865,rcmms,en
11867,bhakti,hi
11871,iss,hi
11872,mahashivatri,hi
11875,daan,hi
11876,lets,en
11877,feed,en
11879,hungry,en
11881,thewhiterevolution,en
11883,indianortheast,en
11884,three,en
11885,states,en
11887,north,en
11888,east,en
11889,lead,en
11891,table,hi
11893,providing,en
11894,rural,en
11895,jobs,en
11897,tripura,en
11898,retained,en
11900,top,en
11901,alia,hi
11902,bhatt,hi
11904,wondering,en
11905,why,en
11906,sohail,en
11909,playing,en
11911,ye,hi
11912,log,hi
11914,sehi,hi
11916,milta,hi
11920,mut,hi
11922,bol,hi
11923,dete,hi
11925,wese,hi
11926,v,hi
11929,chalne,hi
11930,wala,hi
11935,chaudhary,hi
11938,more,en
11939,pics,en
11941,wivzim,en
11944,zimbabwe,hi
11945,jeet,hi
11946,jaati,hi
11949,empowerment,en
11950,waala,hi
11951,dream,en
11952,poora,hi
11954,jaata,hi
11955,srbachchan,hi
11961,kadam,hi
11963,naya,hi
11965,whos,en
11967,abusive,en
11968,huh,en
11971,somone,en
11973,uni,hi
11974,please,en
11975,confirm,en
11976,whether,en
11978,report,en
11980,genuine,en
11981,seems,en
11982,mr,en
11983,vivekagnihotri,en
11985,circulating,en
11986,fake,en
11989,jesi,hi
11990,mummy,en
11991,bn,en
11992,jata,hi
11993,he,hi
11994,photography,en
11996,yamemon,en
11997,madine,hi
11999,khitte,hi
12000,khuda,hi
12001,tujh,hi
12003,rakkhe,hi
12004,gharibon,hi
12005,faqiron,en
12007,thehrane,hi
12010,pahle,hi
12012,ganga,hi
12013,maiyya,hi
12015,bulaya,hi
12017,saal,hi
12018,baad,hi
12021,aaya,hi
12024,bhigo,hi
12026,cricket,en
12027,team,en
12030,mangal,hi
12031,kamnayein,hi
12033,bholey,hi
12035,prathna,hi
12036,unka,hi
12037,ashirwad,hi
12038,hum,hi
12039,sab,hi
12041,bana,hi
12042,rahey,hi
12045,lance,en
12051,scam,en
12052,meets,hi
12053,kanhaiya,hi
12057,bail,en
12059,sedition,en
12060,charge,en
12062,dilli,hi
12063,wale,hi
12064,out,en
12067,rahe,hi
12069,inhe,hi
12070,kashmir,hi
12072,looks,en
12075,kangana,hi
12076,fan,en
12078,my,en
12079,tl,en
12080,bhumikashah,hi
12081,karelaa,hi
12083,zoom,en
12084,kiyaa,hi
12087,allien,en
12088,dikhta,hi
12089,atheistclub,en
12091,a,hi
12092,sadak,hi
12093,chhap,hi
12094,religion,en
12095,u,en
12096,drink,en
12097,bhaang,hi
12098,shame,en
12099,thedsaher,hi
12101,trueindology,en
12102,swords,en
12103,matchlocks,en
12104,hoses,en
12105,elephants,en
12106,akbar,hi
12107,used,en
12108,everything,en
12109,against,en
12110,pilgrim,en
12111,salute,en
12112,them,en
12114,our,en
12115,sudhirchaudhari,hi
12116,bharatmatakijay,hi
12117,happyholi,hi
12119,night,en
12120,jai,hi
12121,minister,en
12124,wife,en
12126,performed,en
12127,puja,en
12133,world,en
12134,sufi,en
12135,forum,en
12136,new,en
12137,organiser,en
12138,syed,en
12139,hazrat,en
12140,ashaf,en
12141,tells,en
12143,sufism,en
12144,counter,en
12146,radical,en
12147,islamist,en
12148,terror,en
12149,htt,en
12152,listening,en
12154,mahimn,en
12157,shtotra,en
12158,sung,en
12160,shri,hi
12164,bajrangi,hi
12165,baahijan,hi
12170,other,en
12171,side,en
12172,baahubali,hi
12173,also,en
12174,house,en
12178,rewari,en
12179,bmg,en
12180,mall,en
12181,awesome,en
12183,stotra,en
12184,hymn,en
12186,praise,en
12188,shiv,en
12189,kumar,hi
12190,visvas,en
12194,adalat,hi
12195,feeling,en
12196,lol,en
12197,garbage,en
12198,piles,en
12201,hyderabad,en
12203,municipal,en
12204,workers,en
12205,strike,en
12206,continues,en
12208,raid,en
12209,karaden,hi
12210,inpe,hi
12211,poori,en
12212,qoum,en
12213,pe,hi
12214,ehsaan,hi
12215,hoga,hi
12217,bhagwan,hi
12219,hamare,hi
12220,saath,hi
12223,e,hi
12224,troops,en
12225,shohag,hi
12226,chand,hi
12228,mp,en
12229,song,en
12230,free,en
12231,download,en
12232,romeo,en
12234,juliet,en
12235,feat,en
12236,akassh,hi
12237,criccrazyniks,en
12238,so,en
12240,rcb,en
12242,using,en
12246,watson,en
12248,full,en
12249,extent,en
12250,outrage,en
12251,ega,hi
12255,bhejke,hi
12256,khud,hi
12259,believe,en
12260,na,hi
12263,wikipedia,hi
12265,awards,en
12266,section,en
12267,padh,hi
12269,confusionkaend,en
12270,srkdonatescrtochennai,en
12271,isupportdelhioddeven,en
12273,msgrequest,en
12275,pita,hi
12277,aapki,hi
12278,rehmat,hi
12280,hm,hi
12281,sada,hi
12282,achhe,hi
12283,kaam,hi
12284,kre,hi
12287,heronobrr,en
12288,thanku,en
12289,guru,hi
12291,pti,en
12292,chairman,en
12293,criticis,en
12295,abhilashjagtap,hi
12297,birthday,en
12299,most,en
12300,talented,en
12301,batsman,en
12303,current,en
12304,era,en
12305,roooohit,en
12306,imro,en
12307,happybirthdayhitman,hi
12309,rahul,en
12310,speeches,en
12312,like,en
12327,its,en
12328,not,en
12329,about,en
12330,modi,en
12332,every,en
12333,citizen,en
12335,scared,en
12337,sachinmofficial,en
12338,teamchak,en
12339,rowdynik,en
12340,aaj,hi
12342,jashnn,hi
12346,jaipur,hi
12348,perfect,en
12349,railway,en
12350,budget,en
12351,ever,en
12352,budgetbt,en
12353,abpnewstv,en
12354,aajtakki,hi
12357,gyi,hi
12358,pata,hi
12359,ni,hi
12360,konsa,hi
12361,mulk,hi
12363,inka,hi
12364,deggii,en
12366,pl,en
12367,accumulate,en
12369,gaye,hi
12371,agr,hi
12372,wo,hi
12374,lete,hi
12375,tho,hi
12376,laps,hi
12378,jate,hi
12381,quora,en
12383,alive,en
12384,without,en
12385,you,en
12387,rachanasfamily,en
12388,rachanaparulkar,hi
12389,special,en
12390,interview,en
12391,th,en
12392,february,en
12393,segment,en
12395,bluemagicboxes,en
12397,actual,en
12398,quote,en
12399,vs,en
12400,tribune,en
12401,reporting,en
12402,clapping,en
12403,hojaye,hi
12405,baar,hi
12406,tajinderbagga,hi
12407,sabse,hi
12408,jyada,hi
12410,hamara,hi
12414,kaha,hi
12417,ham,hi
12418,bole,hi
12419,up,en
12422,bolte,hi
12423,haan,hi
12425,bihari,hi
12428,kyu,hi
12429,vote,en
12431,tere,hi
12433,kyun,hi
12434,jal,hi
12435,rahi,hi
12437,agar,hi
12439,apne,hi
12441,degree,en
12442,demand,en
12444,raha,hi
12446,suresh,en
12447,reaction,en
12449,railways,en
12451,railwaybudget,en
12453,last,en
12454,eid,en
12455,pic,en
12456,aamir,hi
12457,and,en
12458,koyla,hi
12459,karkhana,hi
12461,majdoor,hi
12462,waise,hi
12464,arvindkejriwal,hi
12465,sirf,hi
12468,sunte,hi
12470,par,hi
12472,bar,hi
12473,chetanbhagat,hi
12475,sun,hi
12476,li,hi
12478,augustawestland,en
12479,p,en
12480,muh,en
12481,kholdiya,hi
12482,wah,hi
12486,bank,en
12487,jaane,hi
12489,kya,hi
12490,zaroorat,hi
12491,awesomelogic,en
12494,rail,en
12495,research,en
12496,institute,en
12498,open,en
12499,kanpur,hi
12500,railbudget,en
12501,bt,en
12503,one,en
12504,sees,en
12505,this,en
12506,respectresea,en
12507,happy,en
12508,kis,hi
12509,kisko,hi
12510,pyaar,hi
12511,karoon,hi
12512,official,en
12513,trailer,en
12514,arbaaz,hi
12517,msgsocialwelfare,en
12519,dhan,hi
12520,satguru,hi
12521,tera,hi
12523,aasra,hi
12524,gud,en
12527,bolo,hi
12529,miss,en
12530,kr,hi
12531,jau,hi
12532,no,en
12533,way,en
12536,jeetega,hi
12539,kuch,hi
12540,bhi,hi
12541,karlo,hi
12543,zoomtv,en
12544,post,en
12545,success,en
12547,singh,en
12548,now,en
12549,charges,en
12551,much,en
12552,as,en
12553,shah,hi
12554,rukh,hi
12555,khan,hi
12556,for,en
12557,performances,en
12558,oh,hi
12559,yeah,hi
12560,that,en
12561,whole,en
12563,thingie,en
12565,least,en
12567,revenge,en
12568,le,hi
12569,liya,hi
12571,thakursahab,hi
12575,birth,en
12576,anniversary,en
12578,whose,en
12579,bravery,en
12580,indomitable,en
12581,spirit,en
12582,doesnt,en
12583,fail,en
12585,inspire,en
12586,even,en
12587,today,en
12589,ndtv,en
12590,savewatersavelives,en
12591,on,en
12592,marathwada,en
12593,drought,en
12594,ross,en
12595,sick,en
12596,arnab,hi
12597,goswami,en
12600,har,hi
12601,shit,en
12602,yaar,hi
12603,clean,en
12604,sweep,en
12606,kar,hi
12607,paya,hi
12608,ak,hi
12609,delhidecides,en
12610,dillikiski,en
12612,ushakhokhar,hi
12614,liye,hi
12615,venue,en
12616,change,en
12618,menu,hi
12619,nahi,hi
12620,mili,hi
12621,haar,hi
12623,ek,hi
12624,larki,hi
12628,aisa,hi
12630,demus,en
12631,will,en
12632,be,en
12633,converted,en
12635,dual,en
12636,fuel,en
12637,cngdiesel,en
12638,sir,en
12639,politics,en
12640,ne,hi
12641,itna,hi
12642,dump,en
12643,banaya,hi
12644,ya,hi
12645,bachpan,hi
12648,aise,hi
12651,is,en
12652,the,en
12653,only,en
12654,person,en
12655,who,en
12656,can,en
12657,chase,en
12658,his,en
12659,dreams,en
12660,colorstv,en
12663,hota,hi
12665,omg,en
12667,classicallywild,en
12668,sharmaji,hi
12670,beta,hi
12671,isnt,en
12672,performing,en
12673,kohli,hi
12676,bete,hi
12678,dekhlo,hi
12679,gurmeetramrahim,en
12680,msg,en
12681,salutes,en
12682,papaji,en
12683,good,en
12684,morning,en
12685,parivar,hi
12687,sewa,en
12688,simran,en
12689,parmarth,en
12690,nd,en
12691,man,en
12692,se,hi
12693,larne,hi
12695,bal,hi
12697,remembered,en
12698,marriage,en
12699,of,en
12700,shakti,hi
12701,in,en
12702,o,hi
12703,shivji,hi
12704,bihane,hi
12705,chale,hi
12706,by,en
12707,hemant,en
12708,roast,en
12709,roster,en
12711,indeed,en
12712,it,en
12713,was,en
12714,roastest,en
12715,poor,en
12716,ranveer,en
12717,n,en
12718,arjun,en
12719,rt,en
12720,anupampkher,en
12721,btw,en
12722,aapko,hi
12723,kisne,hi
12724,nishkasit,hi
12729,phir,hi
12730,lucknow,en
12731,aur,hi
12732,ab,hi
12733,bombay,hi
12735,rehte,hi
12736,ho,hi
12737,hadd,hi
12739,jhut,hi
12740,boln,hi
12741,felicitates,en
12742,thumpsup,en
12743,thunder,en
12744,challenge,en
12745,winners,en
12746,at,en
12747,paradise,en
12748,photos,en
admin,admin,en
dialog,dialog,en
okay,okay,en
piladoo,piladoo,hi
mosambhi,mosambhi,hi
ka,ka,hi
pilado,pilado,hi
pila,pila,hi
doo,doo,hi
sapne,sapne,hi
Tera,Tera,hi
deedar,deedar,hi
Tu,Tu,hi
mera,mera,hi
Kab,Kab,hi
aaegi,aaegi,hi
vo,vo,hi
Intezar,Intezar,hi
uskaa,uskaa,hi
jaan,jaan,hi
Babu,Babu,hi
Mein,Mein,hi
jungli,jungli,hi
hora,hora,hi
Ab,Ab,hi
yeh,yeh,hi
humko,humko,hi
sikhaega,sikhaega,hi
doodh,doodh,hi
bechta,bechta,hi
lelo,lelo,hi
dekha,dekha,hi
apna,apna,hi
tume,tume,hi
tumne,tumne,hi
karli,karli,hi
Teri,Teri,hi
chudiyon,chudiyon,hi
chhan,chhan,hi
jaana,jaana,hi
chhut,chhut,hi
gaya,gaya,hi
Voh,Voh,hi
haato,haato,hi
Bachalo,Bachalo,hi
Bhabhi,Bhabhi,hi
kese,kese,hi
khana,khana,hi
khya,khya,hi
maa,maa,hi
Patana,Patana,hi
ko,ko,hi
Naach,Naach,hi
ke,ke,hi
dikha,dikha,hi
Rota,Rota,hi
reh,reh,hi
chahe,chahe,hi
thumke,thumke,hi
laga,laga,hi
Priyanka,Priyanka,hi
Chopra,Chopra,hi
Jonas,Jonas,hi
banate,banate,hi
thi,thi,hi
hogya,hogya,hi
hogyi,hogyi,hi
ki,ki,hi
Mujhse,Mujhse,hi
shadi,shadi,hi
krogi,krogi,hi
Meri,Meri,hi
asli,asli,hi
bandi,bandi,hi
hein,hein,hi
Nahane,Nahane,hi
Matlabi,Matlabi,hi
duniya,duniya,hi
matlab,matlab,hi
itni,itni,hi
seena,seena,hi
jori,jori,hi
Chori,Chori,hi
kiya,kiya,hi
Jaldi,Jaldi,hi
nikal,nikal,hi
tune,tune,hi
mujhe,mujhe,hi
bnehi,bnehi,hi
banegi,banegi,hi
nhi,nhi,hi
bhulna,bhulna,hi
chahiye,chahiye,hi
leliya,leliya,hi
kon,kon,hi
kru,kru,hi
aankh,aankh,hi
Tumare,Tumare,hi
tumko,tumko,hi
hain,hain,hi
meri,meri,hi
matre,matre,hi
basha,basha,hi
mein,mein,hi
toh,toh,hi
bolunga,bolunga,hi
Kya,Kya,hi
hua,hua,hi
ree,ree,hi
ruko,ruko,hi
pehle,pehle,hi
sarkari,sarkari,hi
nokri,nokri,hi
dhundo,dhundo,hi
aap,aap,hi
Kaash,Kaash,hi
uss,uss,hi
khel,khel,hi
leta,leta,hi
Neele,Neele,hi
neele,neele,hi
ambar,ambar,hi
pr,pr,hi
Mjhe,Mjhe,hi
Accha,Accha,hi
rha,rha,hi
Chapri,Chapri,hi
koi,koi,hi
dost,dost,hi
bnegi,bnegi,hi
uska,uska,hi
Jaana,Jaana,hi
paooga,paooga,hi
Kitne,Kitne,hi
gyaani,gyaani,hi
bhayiii,bhayiii,hi
mere,mere,hi
subhchintak,subhchintak,hi
Rone,Rone,hi
gye,gye,hi
Gyaan,Gyaan,hi
baatne,baatne,hi
aajate,aajate,hi
hai,hai,hi
berojgar,berojgar,hi
nalle,nalle,hi
